geo,year,Democracy Index,Electoral process and pluralism,Functioning of government,Political participation,Political culture,Civil liberties
afg,2006,30.6,61.7,0,22.2,25,44.1
afg,2008,30.2,51.7,7.9,22.2,25,44.1
afg,2010,24.8,25,7.9,27.8,25,38.2
afg,2011,24.8,25,7.9,27.8,25,38.2
afg,2012,24.8,25,7.9,27.8,25,38.2
afg,2013,24.8,25,7.9,27.8,25,38.2
afg,2014,27.7,25,11.4,38.9,25,38.2
afg,2015,27.7,25,11.4,38.9,25,38.2
afg,2016,25.5,25,11.4,27.8,25,38.2
afg,2017,25.5,25,11.4,27.8,25,38.2
afg,2018,29.7,29.2,11.4,44.4,25,38.2
afg,2019,28.5,34.2,6.4,38.9,25,38.2
afg,2020,28.5,34.2,6.4,38.9,25,38.2
alb,2006,59.1,73.3,50.7,44.4,56.3,70.6
alb,2008,59.1,73.3,50.7,44.4,56.3,70.6
alb,2010,58.6,74.2,50.7,44.4,50,73.5
alb,2011,58.1,70,47.1,50,50,73.5
alb,2012,56.7,70,40,50,50,73.5
alb,2013,56.7,70,40,50,50,73.5
alb,2014,56.7,70,40,50,50,73.5
alb,2015,59.1,70,43.6,55.6,50,76.5
alb,2016,59.1,70,43.6,55.6,50,76.5
alb,2017,59.8,70,47.1,55.6,50,76.5
alb,2018,59.8,70,47.1,55.6,50,76.5
alb,2019,58.9,70,53.6,44.4,50,76.5
alb,2020,60.8,70,53.6,44.4,62.5,73.5
dza,2006,31.7,22.5,22.1,22.2,56.3,35.3
dza,2008,33.2,26.7,22.1,16.7,56.3,44.1
dza,2010,34.4,21.7,22.1,27.8,56.3,44.1
dza,2011,34.4,21.7,22.1,27.8,56.3,44.1
dza,2012,38.3,30,22.1,38.9,56.3,44.1
dza,2013,38.3,30,22.1,38.9,56.3,44.1
dza,2014,38.3,30,22.1,38.9,56.3,44.1
dza,2015,39.5,30,22.1,38.9,62.5,44.1
dza,2016,35.6,25.8,22.1,38.9,50,41.2
dza,2017,35.6,25.8,22.1,38.9,50,41.2
dza,2018,35,25.8,22.1,38.9,50,38.2
dza,2019,40.1,30.8,28.6,50,50,41.2
ago,2006,24.1,5,21.4,11.1,56.3,26.5
ago,2008,33.5,17.5,32.1,38.9,43.8,35.3
ago,2010,33.2,13.3,32.1,44.4,43.8,32.4
ago,2011,33.2,13.3,32.1,44.4,43.8,32.4
ago,2012,33.5,9.2,32.1,50,43.8,32.4
ago,2013,33.5,9.2,32.1,50,43.8,32.4
ago,2014,33.5,9.2,32.1,50,43.8,32.4
ago,2015,33.5,9.2,32.1,50,43.8,32.4
ago,2016,34,9.2,32.1,55.6,43.8,29.4
ago,2017,36.2,17.5,28.6,55.6,50,29.4
ago,2018,36.2,17.5,28.6,55.6,50,29.4
ago,2019,37.2,22.5,28.6,55.6,50,29.4
ago,2020,36.6,22.5,28.6,55.6,50,26.5
arg,2006,66.3,87.5,50,55.6,56.3,82.4
arg,2008,66.3,87.5,50,55.6,56.3,82.4
arg,2010,68.4,87.5,57.1,55.6,62.5,79.4
arg,2011,68.4,87.5,57.1,55.6,62.5,79.4
arg,2012,68.4,87.5,57.1,55.6,62.5,79.4
arg,2013,68.4,87.5,57.1,55.6,62.5,79.4
arg,2014,68.4,87.5,57.1,55.6,62.5,79.4
arg,2015,70.2,91.7,50,61.1,68.8,79.4
arg,2016,69.6,91.7,50,61.1,68.8,76.5
arg,2017,69.6,91.7,50,61.1,68.8,76.5
arg,2018,70.2,91.7,53.6,61.1,62.5,82.4
arg,2019,70.2,91.7,53.6,61.1,62.5,82.4
arg,2020,69.5,91.7,53.6,66.7,56.3,79.4
arm,2006,41.5,43.3,32.1,38.9,31.3,61.8
arm,2008,40.9,43.3,32.1,38.9,31.3,58.8
arm,2010,40.9,43.3,32.1,38.9,31.3,58.8
arm,2011,40.9,43.3,32.1,38.9,31.3,58.8
arm,2012,40.9,43.3,32.1,38.9,31.3,58.8
arm,2013,40.2,43.3,28.6,38.9,31.3,58.8
arm,2014,41.3,43.3,28.6,44.4,31.3,58.8
arm,2015,40,43.3,28.6,44.4,25,58.8
arm,2016,38.8,43.3,28.6,44.4,18.8,58.8
arm,2017,41.1,52.5,28.6,50,18.8,55.9
arm,2018,47.9,56.7,46.4,55.6,25,55.9
arm,2019,55.4,75,53.6,61.1,31.3,55.9
arm,2020,53.5,75,50,61.1,31.3,50
aus,2006,90.9,100,89.3,77.8,87.5,100
aus,2008,90.9,100,89.3,77.8,87.5,100
aus,2010,92.2,100,89.3,77.8,93.8,100
aus,2011,92.2,100,89.3,77.8,93.8,100
aus,2012,92.2,100,89.3,77.8,93.8,100
aus,2013,91.3,95.8,89.3,77.8,93.8,100
aus,2014,90.1,95.8,89.3,77.8,87.5,100
aus,2015,90.1,95.8,89.3,77.8,87.5,100
aus,2016,90.1,95.8,89.3,77.8,87.5,100
aus,2017,90.9,100,89.3,77.8,87.5,100
aus,2018,90.9,100,89.3,77.8,87.5,100
aus,2019,90.9,100,89.3,77.8,87.5,100
aus,2020,89.6,100,85.7,77.8,87.5,97.1
aut,2006,86.9,95.8,82.1,77.8,87.5,91.2
aut,2008,84.9,95.8,78.6,77.8,81.3,91.2
aut,2010,84.9,95.8,78.6,77.8,81.3,91.2
aut,2011,84.9,95.8,78.6,77.8,81.3,91.2
aut,2012,86.2,95.8,82.1,77.8,81.3,94.1
aut,2013,84.8,95.8,75,77.8,81.3,94.1
aut,2014,85.4,95.8,78.6,83.3,75,94.1
aut,2015,85.4,95.8,78.6,83.3,75,94.1
aut,2016,84.1,95.8,78.6,83.3,68.8,94.1
aut,2017,84.2,95.8,82.1,83.3,68.8,91.2
aut,2018,82.9,95.8,78.6,83.3,68.8,88.2
aut,2019,82.9,95.8,78.6,83.3,68.8,88.2
aut,2020,81.6,95.8,75,83.3,68.8,85.3
aze,2006,33.1,30.8,7.9,33.3,37.5,55.9
aze,2008,31.9,30.8,7.9,33.3,37.5,50
aze,2010,31.5,21.7,17.9,33.3,37.5,47.1
aze,2011,31.5,21.7,17.9,33.3,37.5,47.1
aze,2012,31.5,21.7,17.9,33.3,37.5,47.1
aze,2013,30.6,17.5,17.9,33.3,37.5,47.1
aze,2014,28.3,5,21.4,33.3,37.5,44.1
aze,2015,27.1,5,21.4,33.3,37.5,38.2
aze,2016,26.5,5,21.4,33.3,37.5,35.3
aze,2017,26.5,5,21.4,33.3,37.5,35.3
aze,2018,26.5,5,21.4,33.3,37.5,35.3
aze,2019,27.5,5,32.1,27.8,37.5,35.3
aze,2020,26.8,5,28.6,33.3,37.5,29.4
bhr,2006,35.3,35,25.7,27.8,50,38.2
bhr,2008,33.8,25.8,35.7,22.2,50,35.3
bhr,2010,34.9,25.8,35.7,27.8,50,35.3
bhr,2011,29.2,17.5,25,33.3,43.8,26.5
bhr,2012,25.3,12.5,25,27.8,43.8,17.6
bhr,2013,28.7,12.5,35.7,27.8,43.8,23.5
bhr,2014,28.7,12.5,35.7,27.8,43.8,23.5
bhr,2015,27.9,12.5,32.1,27.8,43.8,23.5
bhr,2016,27.9,12.5,32.1,27.8,43.8,23.5
bhr,2017,27.1,8.3,32.1,27.8,43.8,23.5
bhr,2018,27.1,8.3,32.1,27.8,43.8,23.5
bhr,2019,25.5,8.3,27.1,27.8,43.8,20.6
bhr,2020,24.9,8.3,27.1,27.8,43.8,17.6
bgd,2006,61.1,74.2,50.7,44.4,62.5,73.5
bgd,2008,55.2,70,50.7,44.4,37.5,73.5
bgd,2010,58.7,74.2,54.3,44.4,50,70.6
bgd,2011,58.6,74.2,54.3,50,43.8,70.6
bgd,2012,58.6,74.2,54.3,50,43.8,70.6
bgd,2013,58.6,74.2,54.3,50,43.8,70.6
bgd,2014,57.8,74.2,50.7,50,43.8,70.6
bgd,2015,57.3,74.2,50.7,50,43.8,67.6
bgd,2016,57.3,74.2,50.7,50,43.8,67.6
bgd,2017,54.3,74.2,50.7,50,43.8,52.9
bgd,2018,55.7,78.3,50.7,55.6,43.8,50
bgd,2019,58.8,78.3,60.7,61.1,43.8,50
bgd,2020,59.9,74.2,60.7,61.1,56.3,47.1
blr,2006,33.4,25.8,28.6,33.3,43.8,35.3
blr,2008,33.4,25.8,28.6,33.3,43.8,35.3
blr,2010,33.4,25.8,28.6,33.3,43.8,35.3
blr,2011,31.6,17.5,28.6,38.9,43.8,29.4
blr,2012,30.4,17.5,28.6,38.9,43.8,23.5
blr,2013,30.4,17.5,28.6,38.9,43.8,23.5
blr,2014,36.9,17.5,39.3,38.9,62.5,26.5
blr,2015,36.2,17.5,35.7,38.9,62.5,26.5
blr,2016,35.4,13.3,35.7,38.9,62.5,26.5
blr,2017,31.3,9.2,28.6,38.9,56.3,23.5
blr,2018,31.3,9.2,28.6,38.9,56.3,23.5
blr,2019,24.8,9.2,20,27.8,43.8,23.5
blr,2020,25.9,0,20,38.9,50,20.6
bel,2006,81.5,95.8,82.1,66.7,68.8,94.1
bel,2008,81.6,95.8,82.1,61.1,75,94.1
bel,2010,80.5,95.8,82.1,55.6,75,94.1
bel,2011,80.5,95.8,82.1,55.6,75,94.1
bel,2012,80.5,95.8,82.1,55.6,75,94.1
bel,2013,80.5,95.8,82.1,55.6,75,94.1
bel,2014,79.3,95.8,82.1,55.6,68.8,94.1
bel,2015,79.3,95.8,82.1,55.6,68.8,94.1
bel,2016,77.7,95.8,85.7,50,68.8,88.2
bel,2017,77.8,95.8,89.3,50,68.8,85.3
bel,2018,77.8,95.8,89.3,50,68.8,85.3
bel,2019,76.4,95.8,82.1,50,68.8,85.3
bel,2020,75.1,95.8,78.6,50,68.8,82.4
ben,2006,61.6,68.3,64.3,38.9,68.8,67.6
ben,2008,60.6,73.3,64.3,44.4,56.3,64.7
ben,2010,61.7,73.3,64.3,50,56.3,64.7
ben,2011,60.6,73.3,64.3,44.4,56.3,64.7
ben,2012,60,73.3,64.3,44.4,56.3,61.8
ben,2013,58.7,73.3,60.7,44.4,56.3,58.8
ben,2014,56.5,69.2,53.6,44.4,56.3,58.8
ben,2015,57.2,69.2,57.1,44.4,56.3,58.8
ben,2016,56.7,65,53.6,50,56.3,58.8
ben,2017,56.1,65,53.6,50,56.3,55.9
ben,2018,57.4,65,57.1,50,56.3,58.8
ben,2019,50.9,46.7,57.1,44.4,56.3,50
ben,2020,45.8,33.3,53.6,38.9,56.3,47.1
btn,2006,26.2,0.8,46.4,11.1,37.5,35.3
btn,2008,43,52.5,50,33.3,43.8,35.3
btn,2010,46.8,62.5,53.6,38.9,43.8,35.3
btn,2011,45.7,62.5,53.6,33.3,43.8,35.3
btn,2012,46.5,66.7,53.6,33.3,43.8,35.3
btn,2013,48.2,75,53.6,33.3,43.8,35.3
btn,2014,48.7,83.3,53.6,27.8,43.8,35.3
btn,2015,49.3,83.3,53.6,27.8,43.8,38.2
btn,2016,49.3,83.3,53.6,27.8,43.8,38.2
btn,2017,50.8,83.3,60.7,27.8,43.8,38.2
btn,2018,53,87.5,67.9,27.8,43.8,38.2
btn,2019,53,87.5,67.9,27.8,43.8,38.2
btn,2020,57.1,87.5,67.9,33.3,50,47.1
bol,2006,59.8,83.3,57.1,44.4,37.5,76.5
bol,2008,61.5,83.3,57.1,50,37.5,79.4
bol,2010,59.2,79.2,50,55.6,37.5,73.5
bol,2011,58.4,70,50,61.1,37.5,73.5
bol,2012,58.4,70,50,61.1,37.5,73.5
bol,2013,57.9,70,50,55.6,37.5,76.5
bol,2014,57.9,70,50,55.6,37.5,76.5
bol,2015,57.5,70,53.6,50,37.5,76.5
bol,2016,56.3,70,53.6,50,37.5,70.6
bol,2017,54.9,70,46.4,50,37.5,70.6
bol,2018,57,75,46.4,55.6,37.5,70.6
bol,2019,48.4,47.5,39.3,50,37.5,67.6
bol,2020,50.8,60.8,35.7,61.1,37.5,58.8
bih,2006,57.8,82.5,32.9,44.4,50,79.4
bih,2008,57,78.3,32.9,44.4,50,79.4
bih,2010,53.2,73.3,32.9,33.3,50,76.5
bih,2011,52.4,69.2,32.9,33.3,50,76.5
bih,2012,51.1,69.2,29.3,33.3,50,73.5
bih,2013,50.2,65,29.3,33.3,50,73.5
bih,2014,47.8,65,29.3,33.3,43.8,67.6
bih,2015,48.3,65,29.3,38.9,43.8,64.7
bih,2016,48.7,65,29.3,50,37.5,61.8
bih,2017,48.7,65,29.3,50,37.5,61.8
bih,2018,49.8,65,29.3,55.6,37.5,61.8
bih,2019,48.6,61.7,29.3,55.6,37.5,58.8
bih,2020,48.4,70,29.3,55.6,31.3,55.9
bwa,2006,76,91.7,78.6,50,68.8,91.2
bwa,2008,74.7,91.7,75,50,62.5,94.1
bwa,2010,76.3,91.7,71.4,55.6,68.8,94.1
bwa,2011,76.3,91.7,71.4,55.6,68.8,94.1
bwa,2012,78.5,91.7,71.4,66.7,68.8,94.1
bwa,2013,79.8,91.7,71.4,66.7,75,94.1
bwa,2014,78.7,91.7,71.4,61.1,75,94.1
bwa,2015,78.7,91.7,71.4,61.1,75,94.1
bwa,2016,78.7,91.7,71.4,61.1,75,94.1
bwa,2017,78.1,91.7,71.4,61.1,75,91.2
bwa,2018,78.1,91.7,71.4,61.1,75,91.2
bwa,2019,78.1,91.7,71.4,61.1,75,91.2
bwa,2020,76.2,91.7,67.9,61.1,75,85.3
bra,2006,73.8,95.8,78.6,44.4,56.3,94.1
bra,2008,73.8,95.8,78.6,44.4,56.3,94.1
bra,2010,71.2,95.8,75,50,43.8,91.2
bra,2011,71.2,95.8,75,50,43.8,91.2
bra,2012,71.2,95.8,75,50,43.8,91.2
bra,2013,71.2,95.8,75,50,43.8,91.2
bra,2014,73.8,95.8,75,44.4,62.5,91.2
bra,2015,69.6,95.8,67.9,55.6,37.5,91.2
bra,2016,69,95.8,67.9,55.6,37.5,88.2
bra,2017,68.6,95.8,53.6,61.1,50,82.4
bra,2018,69.7,95.8,53.6,66.7,50,82.4
bra,2019,68.6,95.8,53.6,61.1,50,82.4
bra,2020,69.2,95.8,53.6,61.1,56.3,79.4
bgr,2006,71,95.8,57.1,66.7,50,85.3
bgr,2008,70.2,91.7,53.6,61.1,56.3,88.2
bgr,2010,68.4,91.7,57.1,61.1,43.8,88.2
bgr,2011,67.8,91.7,57.1,61.1,43.8,85.3
bgr,2012,67.2,91.7,57.1,61.1,43.8,82.4
bgr,2013,68.3,91.7,57.1,66.7,43.8,82.4
bgr,2014,67.3,91.7,57.1,55.6,50,82.4
bgr,2015,71.4,91.7,60.7,72.2,50,82.4
bgr,2016,70.1,91.7,60.7,72.2,43.8,82.4
bgr,2017,70.3,91.7,64.3,72.2,43.8,79.4
bgr,2018,70.3,91.7,64.3,72.2,43.8,79.4
bgr,2019,70.3,91.7,64.3,72.2,43.8,79.4
bgr,2020,67.1,91.7,57.1,72.2,43.8,70.6
bfa,2006,37.2,40,17.9,27.8,56.3,44.1
bfa,2008,36,40,17.9,27.8,50,44.1
bfa,2010,35.9,40,35.7,22.2,37.5,44.1
bfa,2011,35.9,40,35.7,22.2,37.5,44.1
bfa,2012,35.2,40,32.1,22.2,37.5,44.1
bfa,2013,41.5,44.2,35.7,33.3,50,44.1
bfa,2014,40.9,48.3,28.6,33.3,50,44.1
bfa,2015,47,44.2,42.9,44.4,56.3,47.1
bfa,2016,47,44.2,42.9,44.4,56.3,47.1
bfa,2017,47.5,44.2,42.9,44.4,56.3,50
bfa,2018,47.5,44.2,42.9,44.4,56.3,50
bfa,2019,40.4,39.2,27.1,44.4,50,41.2
bfa,2020,37.3,30,23.6,44.4,50,38.2
bdi,2006,45.1,44.2,32.9,38.9,62.5,47.1
bdi,2008,45.1,44.2,32.9,38.9,62.5,47.1
bdi,2010,40.1,34.2,32.9,38.9,56.3,38.2
bdi,2011,40.1,34.2,32.9,38.9,56.3,38.2
bdi,2012,36,30,25.7,38.9,50,35.3
bdi,2013,34.1,30,22.1,38.9,50,29.4
bdi,2014,33.3,25.8,22.1,38.9,50,29.4
bdi,2015,24.9,5,4.3,38.9,50,26.5
bdi,2016,24,-3.3,7.9,38.9,50,26.5
bdi,2017,23.3,0,4.3,38.9,50,23.5
bdi,2018,23.3,0,4.3,38.9,50,23.5
bdi,2019,21.5,0,0.7,33.3,50,23.5
bdi,2020,21.4,0,0,33.3,50,23.5
khm,2006,47.7,55.8,60.7,27.8,50,44.1
khm,2008,48.7,60.8,60.7,27.8,50,44.1
khm,2010,48.7,60.8,60.7,27.8,50,44.1
khm,2011,48.7,60.8,60.7,27.8,50,44.1
khm,2012,49.6,56.7,60.7,33.3,56.3,41.2
khm,2013,46,44.2,60.7,27.8,56.3,41.2
khm,2014,47.8,44.2,64.3,33.3,56.3,41.2
khm,2015,42.7,31.7,57.1,33.3,50,41.2
khm,2016,42.7,31.7,57.1,33.3,50,41.2
khm,2017,36.3,13.3,57.1,22.2,56.3,32.4
khm,2018,35.9,13.3,50,27.8,56.3,32.4
khm,2019,35.3,8.3,46.4,33.3,56.3,32.4
khm,2020,31,0,39.3,38.9,56.3,20.6
cmr,2006,32.7,9.2,32.1,27.8,56.3,38.2
cmr,2008,34.6,16.7,42.9,22.2,50,41.2
cmr,2010,34.1,11.7,42.9,27.8,50,38.2
cmr,2011,34.1,11.7,42.9,27.8,50,38.2
cmr,2012,34.4,7.5,42.9,33.3,50,38.2
cmr,2013,34.1,7.5,35.7,38.9,50,38.2
cmr,2014,34.1,7.5,35.7,38.9,50,38.2
cmr,2015,36.6,20,35.7,38.9,50,38.2
cmr,2016,34.6,20,32.1,38.9,43.8,38.2
cmr,2017,36.1,40,28.6,38.9,43.8,29.4
cmr,2018,32.8,31.7,28.6,33.3,43.8,26.5
cmr,2019,28.5,16.7,25,33.3,43.8,23.5
cmr,2020,27.7,16.7,21.4,33.3,43.8,23.5
can,2006,90.7,91.7,96.4,77.8,87.5,100
can,2008,90.7,91.7,96.4,77.8,87.5,100
can,2010,90.8,95.8,92.9,77.8,87.5,100
can,2011,90.8,95.8,92.9,77.8,87.5,100
can,2012,90.8,95.8,92.9,77.8,87.5,100
can,2013,90.8,95.8,92.9,77.8,87.5,100
can,2014,90.8,95.8,92.9,77.8,87.5,100
can,2015,90.8,95.8,92.9,77.8,87.5,100
can,2016,91.5,95.8,96.4,77.8,87.5,100
can,2017,91.5,95.8,96.4,77.8,87.5,100
can,2018,91.5,95.8,96.4,77.8,87.5,100
can,2019,92.2,95.8,96.4,77.8,93.8,97.1
can,2020,92.4,95.8,89.3,88.9,93.8,94.1
cpv,2006,74.3,91.7,78.6,50,68.8,82.4
cpv,2008,78.1,91.7,78.6,66.7,62.5,91.2
cpv,2010,79.4,91.7,78.6,66.7,68.8,91.2
cpv,2011,79.2,91.7,78.6,72.2,62.5,91.2
cpv,2012,79.2,91.7,78.6,72.2,62.5,91.2
cpv,2013,79.2,91.7,78.6,72.2,62.5,91.2
cpv,2014,78.1,91.7,78.6,66.7,62.5,91.2
cpv,2015,78.1,91.7,78.6,66.7,62.5,91.2
cpv,2016,79.4,91.7,78.6,66.7,68.8,91.2
cpv,2017,78.8,91.7,78.6,66.7,68.8,88.2
cpv,2018,78.8,91.7,78.6,66.7,68.8,88.2
cpv,2019,77.8,91.7,73.6,66.7,68.8,88.2
cpv,2020,76.5,91.7,70,66.7,68.8,85.3
caf,2006,16.1,4.2,14.3,16.7,18.8,26.5
caf,2008,18.6,17.5,10.7,16.7,18.8,29.4
caf,2010,18.2,17.5,10.7,11.1,25,26.5
caf,2011,18.2,17.5,10.7,11.1,25,26.5
caf,2012,19.9,17.5,10.7,16.7,25,29.4
caf,2013,14.9,9.2,0,16.7,25,23.5
caf,2014,14.9,9.2,0,16.7,25,23.5
caf,2015,15.7,13.3,0,16.7,25,23.5
caf,2016,16.1,17.5,3.6,11.1,25,23.5
caf,2017,15.2,22.5,0,11.1,18.8,23.5
caf,2018,15.2,22.5,0,11.1,18.8,23.5
caf,2019,13.2,12.5,0,11.1,18.8,23.5
caf,2020,13.2,12.5,0,11.1,18.8,23.5
tcd,2006,16.5,0,0,0,50,32.4
tcd,2008,15.2,0,0,0,43.8,32.4
tcd,2010,15.2,0,0,0,43.8,32.4
tcd,2011,16.2,0,0,11.1,37.5,32.4
tcd,2012,16.2,0,0,11.1,37.5,32.4
tcd,2013,15,0,0,11.1,37.5,26.5
tcd,2014,15,0,0,11.1,37.5,26.5
tcd,2015,15,0,0,11.1,37.5,26.5
tcd,2016,15,0,0,11.1,37.5,26.5
tcd,2017,15,0,0,11.1,37.5,26.5
tcd,2018,16.1,0,0,16.7,37.5,26.5
tcd,2019,16.1,0,0,16.7,37.5,26.5
tcd,2020,15.5,0,0,16.7,37.5,23.5
chl,2006,78.9,95.8,89.3,50,62.5,97.1
chl,2008,78.9,95.8,89.3,50,62.5,97.1
chl,2010,76.7,95.8,85.7,38.9,68.8,94.1
chl,2011,75.4,95.8,85.7,38.9,62.5,94.1
chl,2012,75.4,95.8,85.7,38.9,62.5,94.1
chl,2013,78,95.8,89.3,38.9,68.8,97.1
chl,2014,78,95.8,89.3,38.9,68.8,97.1
chl,2015,78.4,95.8,85.7,44.4,68.8,97.1
chl,2016,77.8,95.8,85.7,44.4,68.8,94.1
chl,2017,78.4,95.8,85.7,44.4,75,91.2
chl,2018,79.7,95.8,85.7,44.4,81.3,91.2
chl,2019,80.8,95.8,85.7,50,81.3,91.2
chl,2020,82.8,95.8,82.1,66.7,81.3,88.2
chn,2006,29.7,0,46.4,27.8,62.5,11.8
chn,2008,30.4,0,50,27.8,62.5,11.8
chn,2010,31.4,0,50,38.9,56.3,11.8
chn,2011,31.4,0,50,38.9,56.3,11.8
chn,2012,30,0,46.4,38.9,50,14.7
chn,2013,30,0,46.4,38.9,50,14.7
chn,2014,30,0,46.4,38.9,50,14.7
chn,2015,31.4,0,46.4,33.3,62.5,14.7
chn,2016,31.4,0,46.4,33.3,62.5,14.7
chn,2017,31,0,50,27.8,62.5,14.7
chn,2018,33.2,0,50,38.9,62.5,14.7
chn,2019,22.6,0,42.9,33.3,25,11.8
chn,2020,22.7,0,42.9,27.8,31.3,11.8
col,2006,64,91.7,43.6,50,43.8,91.2
col,2008,65.4,91.7,53.6,50,43.8,88.2
col,2010,65.5,91.7,71.4,38.9,37.5,88.2
col,2011,66.3,91.7,75,38.9,37.5,88.2
col,2012,66.3,91.7,75,38.9,37.5,88.2
col,2013,65.5,91.7,71.4,38.9,37.5,88.2
col,2014,65.5,91.7,71.4,38.9,37.5,88.2
col,2015,66.2,91.7,71.4,38.9,43.8,85.3
col,2016,66.7,91.7,71.4,44.4,43.8,82.4
col,2017,66.7,91.7,67.9,44.4,50,79.4
col,2018,69.6,91.7,67.9,50,56.3,82.4
col,2019,71.3,91.7,67.9,55.6,56.3,85.3
col,2020,70.4,91.7,64.3,66.7,50,79.4
com,2006,39,30,32.1,44.4,56.3,32.4
com,2008,35.8,30,22.1,44.4,50,32.4
com,2010,34.1,39.2,22.1,33.3,37.5,38.2
com,2011,35.2,39.2,22.1,38.9,37.5,38.2
com,2012,35.2,39.2,22.1,38.9,37.5,38.2
com,2013,35.2,39.2,22.1,38.9,37.5,38.2
com,2014,35.2,39.2,22.1,38.9,37.5,38.2
com,2015,37.1,43.3,22.1,44.4,37.5,38.2
com,2016,37.1,43.3,22.1,44.4,37.5,38.2
com,2017,37.1,43.3,22.1,44.4,37.5,38.2
com,2018,37.1,43.3,22.1,44.4,37.5,38.2
com,2019,31.5,20.8,22.1,38.9,37.5,38.2
com,2020,30.9,20.8,22.1,38.9,37.5,35.3
cod,2006,27.6,45.8,3.6,27.8,37.5,23.5
cod,2008,22.8,30,7.1,22.2,31.3,23.5
cod,2010,21.5,25.8,10.7,22.2,31.3,17.6
cod,2011,21.5,25.8,10.7,22.2,31.3,17.6
cod,2012,19.2,17.5,7.1,22.2,31.3,17.6
cod,2013,18.3,13.3,7.1,22.2,31.3,17.6
cod,2014,17.5,9.2,7.1,22.2,31.3,17.6
cod,2015,21.1,9.2,7.1,27.8,43.8,17.6
cod,2016,19.3,9.2,7.1,27.8,43.8,8.8
cod,2017,16.1,5,7.1,22.2,37.5,8.8
cod,2018,14.9,5,7.1,22.2,31.3,8.8
cod,2019,11.3,0,0,16.7,31.3,8.8
cod,2020,11.3,0,0,16.7,31.3,8.8
cog,2006,31.9,14.2,28.6,22.2,56.3,38.2
cog,2008,29.4,12.5,28.6,33.3,37.5,35.3
cog,2010,28.9,12.5,28.6,33.3,37.5,32.4
cog,2011,28.9,12.5,28.6,33.3,37.5,32.4
cog,2012,28.9,12.5,28.6,33.3,37.5,32.4
cog,2013,28.9,12.5,28.6,33.3,37.5,32.4
cog,2014,28.9,12.5,28.6,33.3,37.5,32.4
cog,2015,29.1,16.7,28.6,33.3,37.5,29.4
cog,2016,29.1,16.7,28.6,33.3,37.5,29.4
cog,2017,32.5,31.7,25,38.9,37.5,29.4
cog,2018,33.1,31.7,25,38.9,37.5,32.4
cog,2019,31.1,21.7,25,38.9,37.5,32.4
cog,2020,31.1,21.7,25,38.9,37.5,32.4
cri,2006,80.4,95.8,82.1,61.1,68.8,94.1
cri,2008,80.4,95.8,82.1,61.1,68.8,94.1
cri,2010,80.4,95.8,82.1,61.1,68.8,94.1
cri,2011,81,95.8,82.1,61.1,68.8,97.1
cri,2012,81,95.8,82.1,61.1,68.8,97.1
cri,2013,80.3,95.8,78.6,61.1,68.8,97.1
cri,2014,80.3,95.8,78.6,61.1,68.8,97.1
cri,2015,79.6,95.8,75,61.1,68.8,97.1
cri,2016,78.8,95.8,71.4,61.1,68.8,97.1
cri,2017,78.8,95.8,71.4,66.7,68.8,91.2
cri,2018,80.7,95.8,75,66.7,75,91.2
cri,2019,81.3,95.8,75,66.7,75,94.1
cri,2020,81.6,95.8,67.9,72.2,75,97.1
civ,2006,33.8,12.5,28.6,33.3,56.3,38.2
civ,2008,32.7,12.5,28.6,27.8,56.3,38.2
civ,2010,30.2,3.3,28.6,27.8,56.3,35.3
civ,2011,30.8,0,17.9,44.4,56.3,35.3
civ,2012,32.5,0,17.9,50,56.3,38.2
civ,2013,32.5,0,17.9,50,56.3,38.2
civ,2014,35.3,0,32.1,50,56.3,38.2
civ,2015,33.1,0,32.1,38.9,56.3,38.2
civ,2016,38.1,34.2,28.6,33.3,56.3,38.2
civ,2017,39.3,44.2,21.4,33.3,56.3,41.2
civ,2018,41.5,48.3,28.6,33.3,56.3,41.2
civ,2019,40.5,43.3,28.6,33.3,56.3,41.2
civ,2020,41.1,43.3,28.6,38.9,56.3,38.2
hrv,2006,70.4,91.7,60.7,61.1,56.3,82.4
hrv,2008,70.4,91.7,60.7,61.1,56.3,82.4
hrv,2010,68.1,91.7,60.7,55.6,50,82.4
hrv,2011,67.3,91.7,57.1,55.6,50,82.4
hrv,2012,69.3,91.7,60.7,55.6,56.3,82.4
hrv,2013,69.3,91.7,60.7,55.6,56.3,82.4
hrv,2014,69.3,91.7,60.7,55.6,56.3,82.4
hrv,2015,69.3,91.7,60.7,55.6,56.3,82.4
hrv,2016,67.5,91.7,60.7,55.6,50,79.4
hrv,2017,66.3,91.7,60.7,55.6,50,73.5
hrv,2018,65.7,91.7,60.7,55.6,50,70.6
hrv,2019,65.7,91.7,60.7,55.6,50,70.6
hrv,2020,65,91.7,60.7,61.1,43.8,67.6
cub,2006,35.2,17.5,46.4,38.9,43.8,29.4
cub,2008,35.2,17.5,46.4,38.9,43.8,29.4
cub,2010,35.2,17.5,46.4,38.9,43.8,29.4
cub,2011,35.2,17.5,46.4,38.9,43.8,29.4
cub,2012,35.2,17.5,46.4,38.9,43.8,29.4
cub,2013,35.2,17.5,46.4,38.9,43.8,29.4
cub,2014,35.2,17.5,46.4,38.9,43.8,29.4
cub,2015,35.2,17.5,46.4,38.9,43.8,29.4
cub,2016,34.6,17.5,46.4,38.9,43.8,26.5
cub,2017,33.1,13.3,42.9,38.9,43.8,26.5
cub,2018,30,10.8,35.7,33.3,43.8,26.5
cub,2019,28.4,0,35.7,33.3,43.8,29.4
cub,2020,28.4,0,35.7,33.3,43.8,29.4
cyp,2006,76,91.7,67.9,66.7,62.5,91.2
cyp,2008,77,91.7,60.7,66.7,75,91.2
cyp,2010,72.9,91.7,64.3,61.1,56.3,91.2
cyp,2011,72.9,91.7,64.3,61.1,56.3,91.2
cyp,2012,72.9,91.7,64.3,61.1,56.3,91.2
cyp,2013,72.9,91.7,64.3,61.1,56.3,91.2
cyp,2014,74,91.7,64.3,66.7,56.3,91.2
cyp,2015,75.3,91.7,64.3,66.7,62.5,91.2
cyp,2016,76.5,91.7,64.3,66.7,68.8,91.2
cyp,2017,75.9,91.7,64.3,66.7,68.8,88.2
cyp,2018,75.9,91.7,64.3,66.7,68.8,88.2
cyp,2019,75.9,91.7,64.3,66.7,68.8,88.2
cyp,2020,75.6,91.7,53.6,72.2,75,85.3
cze,2006,81.7,95.8,67.9,72.2,81.3,91.2
cze,2008,81.9,95.8,71.4,66.7,81.3,94.1
cze,2010,81.9,95.8,71.4,66.7,81.3,94.1
cze,2011,81.9,95.8,71.4,66.7,81.3,94.1
cze,2012,81.9,95.8,71.4,66.7,81.3,94.1
cze,2013,80.6,95.8,71.4,66.7,75,94.1
cze,2014,79.4,95.8,71.4,66.7,68.8,94.1
cze,2015,79.4,95.8,71.4,66.7,68.8,94.1
cze,2016,78.2,95.8,71.4,66.7,68.8,88.2
cze,2017,76.2,95.8,64.3,66.7,68.8,85.3
cze,2018,76.9,95.8,67.9,66.7,68.8,85.3
cze,2019,76.9,95.8,67.9,66.7,68.8,85.3
cze,2020,76.7,95.8,60.7,66.7,75,85.3
dnk,2006,95.2,100,96.4,88.9,93.8,97.1
dnk,2008,95.2,100,96.4,88.9,93.8,97.1
dnk,2010,95.2,100,96.4,88.9,93.8,97.1
dnk,2011,95.2,100,96.4,88.9,93.8,97.1
dnk,2012,95.2,100,96.4,88.9,93.8,97.1
dnk,2013,93.8,95.8,96.4,88.9,93.8,94.1
dnk,2014,91.1,91.7,92.9,83.3,93.8,94.1
dnk,2015,91.1,91.7,92.9,83.3,93.8,94.1
dnk,2016,92,95.8,92.9,83.3,93.8,94.1
dnk,2017,92.2,100,92.9,83.3,93.8,91.2
dnk,2018,92.2,100,92.9,83.3,93.8,91.2
dnk,2019,92.2,100,92.9,83.3,93.8,91.2
dnk,2020,91.5,100,89.3,83.3,93.8,91.2
dji,2006,23.7,25,14.3,5.6,50,23.5
dji,2008,23.7,25,14.3,5.6,50,23.5
dji,2010,22,8.3,14.3,11.1,50,26.5
dji,2011,26.8,8.3,17.9,22.2,56.3,29.4
dji,2012,27.4,8.3,17.9,22.2,56.3,32.4
dji,2013,29.6,8.3,17.9,33.3,56.3,32.4
dji,2014,29.9,8.3,25,33.3,56.3,26.5
dji,2015,29,4.2,25,33.3,56.3,26.5
dji,2016,28.3,4.2,21.4,33.3,56.3,26.5
dji,2017,27.6,4.2,17.9,33.3,56.3,26.5
dji,2018,28.7,4.2,17.9,38.9,56.3,26.5
dji,2019,27.7,4.2,12.9,38.9,56.3,26.5
dji,2020,27.1,4.2,12.9,38.9,56.3,23.5
dom,2006,61.3,91.7,42.9,33.3,56.3,82.4
dom,2008,62,91.7,46.4,33.3,56.3,82.4
dom,2010,62,87.5,50,27.8,62.5,82.4
dom,2011,62,87.5,50,27.8,62.5,82.4
dom,2012,64.9,87.5,53.6,44.4,62.5,76.5
dom,2013,67.4,87.5,60.7,50,62.5,76.5
dom,2014,66.7,87.5,57.1,50,62.5,76.5
dom,2015,66.7,87.5,57.1,50,62.5,76.5
dom,2016,66.7,87.5,57.1,50,62.5,76.5
dom,2017,66.6,91.7,53.6,61.1,56.3,70.6
dom,2018,65.4,91.7,53.6,61.1,50,70.6
dom,2019,65.4,91.7,53.6,61.1,50,70.6
dom,2020,63.2,91.7,42.9,61.1,50,70.6
ecu,2006,56.4,78.3,42.9,50,31.3,79.4
ecu,2008,56.4,78.3,42.9,50,31.3,79.4
ecu,2010,57.7,78.3,46.4,50,37.5,76.5
ecu,2011,57.2,78.3,46.4,50,37.5,73.5
ecu,2012,57.8,78.3,46.4,50,43.8,70.6
ecu,2013,58.7,82.5,46.4,50,43.8,70.6
ecu,2014,58.7,82.5,46.4,50,43.8,70.6
ecu,2015,58.7,82.5,46.4,50,43.8,70.6
ecu,2016,58.1,82.5,46.4,50,43.8,67.6
ecu,2017,60.2,87.5,46.4,55.6,43.8,67.6
ecu,2018,62.7,87.5,53.6,61.1,43.8,67.6
ecu,2019,63.3,87.5,53.6,61.1,43.8,70.6
ecu,2020,61.3,87.5,50,66.7,37.5,64.7
egy,2006,39,26.7,36.4,27.8,68.8,35.3
egy,2008,38.9,26.7,32.1,44.4,50,41.2
egy,2010,30.7,8.3,32.1,27.8,50,35.3
egy,2011,39.5,20.8,32.1,50,56.3,38.2
egy,2012,45.6,34.2,46.4,50,56.3,41.2
egy,2013,32.7,21.7,25,50,37.5,29.4
egy,2014,31.6,21.7,28.6,50,31.3,26.5
egy,2015,31.8,30,28.6,33.3,37.5,29.4
egy,2016,33.1,25.8,39.3,33.3,37.5,29.4
egy,2017,33.6,35.8,32.1,33.3,37.5,29.4
egy,2018,33.6,35.8,32.1,33.3,37.5,29.4
egy,2019,30.6,26.7,32.1,33.3,37.5,23.5
egy,2020,29.3,13.3,32.1,33.3,50,17.6
slv,2006,62.2,91.7,54.3,38.9,43.8,82.4
slv,2008,64,91.7,57.1,38.9,50,82.4
slv,2010,64.7,91.7,60.7,38.9,50,82.4
slv,2011,64.7,91.7,60.7,38.9,50,82.4
slv,2012,64.7,91.7,60.7,38.9,50,82.4
slv,2013,65.3,91.7,60.7,38.9,50,85.3
slv,2014,65.3,91.7,60.7,38.9,50,85.3
slv,2015,66.4,91.7,60.7,44.4,50,85.3
slv,2016,66.4,91.7,60.7,44.4,50,85.3
slv,2017,64.3,91.7,53.6,55.6,50,70.6
slv,2018,59.6,91.7,42.9,55.6,37.5,70.6
slv,2019,61.5,91.7,46.4,61.1,37.5,70.6
slv,2020,59,91.7,42.9,61.1,37.5,61.8
gnq,2006,20.9,0,28.6,11.1,50,14.7
gnq,2008,21.9,0,28.6,16.7,43.8,20.6
gnq,2010,18.4,0,7.9,16.7,50,17.6
gnq,2011,17.7,0,7.9,22.2,43.8,14.7
gnq,2012,18.3,0,7.9,22.2,43.8,17.6
gnq,2013,17.7,0,7.9,22.2,43.8,14.7
gnq,2014,16.6,0,7.9,16.7,43.8,14.7
gnq,2015,17.7,0,7.9,22.2,43.8,14.7
gnq,2016,17,0,4.3,22.2,43.8,14.7
gnq,2017,18.1,0,4.3,27.8,43.8,14.7
gnq,2018,19.2,0,4.3,33.3,43.8,14.7
gnq,2019,19.2,0,4.3,33.3,43.8,14.7
gnq,2020,19.2,0,4.3,33.3,43.8,14.7
eri,2006,23.1,0,21.4,11.1,62.5,20.6
eri,2008,23.1,0,21.4,11.1,62.5,20.6
eri,2010,23.1,0,21.4,11.1,62.5,20.6
eri,2011,23.4,0,28.6,11.1,62.5,14.7
eri,2012,24,0,28.6,11.1,68.8,11.8
eri,2013,24,0,28.6,11.1,68.8,11.8
eri,2014,24.4,0,25,16.7,68.8,11.8
eri,2015,23.7,0,21.4,16.7,68.8,11.8
eri,2016,23.7,0,21.4,16.7,68.8,11.8
eri,2017,23.7,0,21.4,16.7,68.8,11.8
eri,2018,23.7,0,21.4,16.7,68.8,11.8
eri,2019,23.7,0,21.4,16.7,68.8,11.8
eri,2020,21.5,0,21.4,5.6,68.8,11.8
est,2006,77.4,95.8,75,50,75,91.2
est,2008,76.8,95.8,75,50,75,88.2
est,2010,76.8,95.8,75,50,75,88.2
est,2011,76.1,95.8,71.4,50,75,88.2
est,2012,76.1,95.8,71.4,50,75,88.2
est,2013,76.1,95.8,71.4,50,75,88.2
est,2014,77.4,95.8,78.6,55.6,68.8,88.2
est,2015,78.5,95.8,78.6,61.1,68.8,88.2
est,2016,78.5,95.8,78.6,61.1,68.8,88.2
est,2017,77.9,95.8,78.6,61.1,68.8,85.3
est,2018,79.7,95.8,82.1,66.7,68.8,85.3
est,2019,79,95.8,78.6,66.7,68.8,85.3
est,2020,78.4,95.8,78.6,66.7,68.8,82.4
eth,2006,47.2,40,39.3,50,62.5,44.1
eth,2008,45.2,30,39.3,50,62.5,44.1
eth,2010,36.8,0,39.3,44.4,56.3,44.1
eth,2011,37.9,0,39.3,50,56.3,44.1
eth,2012,37.2,0,35.7,50,56.3,44.1
eth,2013,38.3,0,35.7,55.6,56.3,44.1
eth,2014,37.2,0,35.7,55.6,56.3,38.2
eth,2015,38.3,0,35.7,61.1,56.3,38.2
eth,2016,36,0,35.7,55.6,56.3,32.4
eth,2017,34.2,0,35.7,55.6,56.3,23.5
eth,2018,33.5,0,35.7,55.6,50,26.5
eth,2019,34.4,4.2,35.7,55.6,50,26.5
eth,2020,33.8,4.2,35.7,55.6,50,23.5
fji,2006,56.6,65,52.1,33.3,50,82.4
fji,2008,51.1,60.8,32.1,33.3,50,79.4
fji,2010,36.2,4.2,28.6,33.3,50,64.7
fji,2011,36.7,4.2,28.6,38.9,50,61.8
fji,2012,36.7,4.2,28.6,38.9,50,61.8
fji,2013,36.1,4.2,28.6,38.9,50,58.8
fji,2014,56.1,41.7,57.1,66.7,56.3,58.8
fji,2015,56.9,45.8,57.1,66.7,56.3,58.8
fji,2016,56.4,45.8,57.1,66.7,56.3,55.9
fji,2017,58.5,65.8,53.6,61.1,56.3,55.9
fji,2018,58.5,65.8,53.6,61.1,56.3,55.9
fji,2019,58.5,65.8,53.6,61.1,56.3,55.9
fji,2020,57.2,65.8,50,61.1,56.3,52.9
fin,2006,92.5,100,100,77.8,87.5,97.1
fin,2008,92.5,100,100,77.8,87.5,97.1
fin,2010,91.9,100,96.4,72.2,93.8,97.1
fin,2011,90.6,100,96.4,72.2,87.5,97.1
fin,2012,90.6,100,96.4,72.2,87.5,97.1
fin,2013,90.3,100,89.3,77.8,87.5,97.1
fin,2014,90.3,100,89.3,77.8,87.5,97.1
fin,2015,90.3,100,89.3,77.8,87.5,97.1
fin,2016,90.3,100,89.3,77.8,87.5,97.1
fin,2017,90.3,100,89.3,77.8,87.5,97.1
fin,2018,91.4,100,89.3,83.3,87.5,97.1
fin,2019,92.5,100,89.3,88.9,87.5,97.1
fin,2020,92,100,89.3,88.9,87.5,94.1
fra,2006,80.7,95.8,75,66.7,75,91.2
fra,2008,80.7,95.8,75,66.7,75,91.2
fra,2010,77.7,95.8,71.4,61.1,75,85.3
fra,2011,77.7,95.8,71.4,61.1,75,85.3
fra,2012,78.8,95.8,71.4,66.7,75,85.3
fra,2013,79.2,95.8,67.9,72.2,75,85.3
fra,2014,80.4,95.8,71.4,77.8,68.8,88.2
fra,2015,79.2,95.8,71.4,77.8,62.5,88.2
fra,2016,79.2,95.8,71.4,77.8,62.5,88.2
fra,2017,78,95.8,75,77.8,56.3,85.3
fra,2018,78,95.8,75,77.8,56.3,85.3
fra,2019,81.2,95.8,78.6,77.8,68.8,85.3
fra,2020,79.9,95.8,75,77.8,68.8,82.4
gab,2006,27.2,5,32.1,22.2,56.3,20.6
gab,2008,30,12.5,22.1,33.3,43.8,38.2
gab,2010,32.9,21.7,22.1,38.9,43.8,38.2
gab,2011,34.8,21.7,22.1,38.9,50,41.2
gab,2012,35.6,25.8,22.1,38.9,50,41.2
gab,2013,37.6,30,22.1,44.4,50,41.2
gab,2014,37.6,30,22.1,44.4,50,41.2
gab,2015,37.6,30,22.1,44.4,50,41.2
gab,2016,37.4,25.8,22.1,44.4,56.3,38.2
gab,2017,36.1,25.8,22.1,44.4,50,38.2
gab,2018,36.1,25.8,22.1,44.4,50,38.2
gab,2019,36.1,25.8,22.1,44.4,50,38.2
gab,2020,35.4,25.8,18.6,44.4,50,38.2
gmb,2006,43.9,40,46.4,44.4,56.3,32.4
gmb,2008,41.9,30,46.4,44.4,56.3,32.4
gmb,2010,33.8,21.7,42.9,22.2,50,32.4
gmb,2011,33.8,21.7,42.9,22.2,50,32.4
gmb,2012,33.1,21.7,39.3,22.2,50,32.4
gmb,2013,33.1,21.7,39.3,22.2,50,32.4
gmb,2014,30.5,17.5,39.3,22.2,50,23.5
gmb,2015,29.7,13.3,39.3,22.2,50,23.5
gmb,2016,29.1,17.5,32.1,22.2,50,23.5
gmb,2017,40.6,44.8,39.3,33.3,56.3,29.4
gmb,2018,43.1,44.8,42.9,33.3,56.3,38.2
gmb,2019,43.3,40,42.9,33.3,56.3,44.1
gmb,2020,44.9,40,42.9,44.4,56.3,41.2
geo,2006,49,79.2,17.9,33.3,50,64.7
geo,2008,46.2,70,7.9,44.4,43.8,64.7
geo,2010,45.9,70,21.4,38.9,37.5,61.8
geo,2011,47.4,65.8,21.4,44.4,43.8,61.8
geo,2012,55.3,82.5,32.1,50,50,61.8
geo,2013,59.5,86.7,46.4,55.6,50,58.8
geo,2014,58.2,86.7,46.4,55.6,43.8,58.8
geo,2015,58.8,86.7,42.9,55.6,50,58.8
geo,2016,59.3,86.7,42.9,61.1,50,55.9
geo,2017,59.3,86.7,42.9,61.1,50,55.9
geo,2018,55,78.3,35.7,61.1,43.8,55.9
geo,2019,54.2,78.3,32.1,61.1,43.8,55.9
geo,2020,53.1,78.3,35.7,61.1,37.5,52.9
deu,2006,88.2,95.8,85.7,77.8,87.5,94.1
deu,2008,88.2,95.8,85.7,77.8,87.5,94.1
deu,2010,83.8,95.8,78.6,72.2,81.3,91.2
deu,2011,83.4,95.8,82.1,66.7,81.3,91.2
deu,2012,83.4,95.8,82.1,66.7,81.3,91.2
deu,2013,83.1,95.8,75,72.2,81.3,91.2
deu,2014,86.4,95.8,85.7,77.8,81.3,91.2
deu,2015,86.4,95.8,85.7,77.8,81.3,91.2
deu,2016,86.3,95.8,85.7,77.8,75,97.1
deu,2017,86.1,95.8,82.1,83.3,75,94.1
deu,2018,86.8,95.8,85.7,83.3,75,94.1
deu,2019,86.8,95.8,85.7,83.3,75,94.1
deu,2020,86.7,95.8,82.1,83.3,81.3,91.2
gha,2006,53.5,74.2,46.4,44.4,43.8,58.8
gha,2008,53.5,74.2,46.4,44.4,43.8,58.8
gha,2010,60.2,83.3,50,50,50,67.6
gha,2011,60.2,83.3,50,50,50,67.6
gha,2012,60.2,83.3,50,50,50,67.6
gha,2013,63.3,83.3,53.6,55.6,56.3,67.6
gha,2014,63.3,83.3,53.6,55.6,56.3,67.6
gha,2015,68.6,83.3,57.1,66.7,62.5,73.5
gha,2016,67.5,83.3,57.1,61.1,62.5,73.5
gha,2017,66.9,83.3,57.1,66.7,62.5,64.7
gha,2018,66.3,83.3,57.1,66.7,62.5,61.8
gha,2019,66.3,83.3,57.1,66.7,62.5,61.8
gha,2020,65,83.3,53.6,66.7,62.5,58.8
grc,2006,81.3,95.8,75,66.7,75,94.1
grc,2008,81.3,95.8,75,66.7,75,94.1
grc,2010,79.2,95.8,64.3,66.7,75,94.1
grc,2011,76.5,95.8,57.1,66.7,68.8,94.1
grc,2012,76.5,95.8,57.1,66.7,68.8,94.1
grc,2013,76.5,95.8,57.1,66.7,68.8,94.1
grc,2014,74.5,95.8,53.6,66.7,62.5,94.1
grc,2015,74.5,95.8,53.6,66.7,62.5,94.1
grc,2016,72.3,95.8,53.6,61.1,62.5,88.2
grc,2017,72.9,95.8,53.6,61.1,68.8,85.3
grc,2018,72.9,95.8,53.6,61.1,68.8,85.3
grc,2019,74.3,95.8,48.6,66.7,75,85.3
grc,2020,73.9,95.8,52.1,61.1,75,85.3
gtm,2006,60.7,87.5,67.9,27.8,43.8,76.5
gtm,2008,60.7,87.5,67.9,27.8,43.8,76.5
gtm,2010,60.5,87.5,64.3,33.3,43.8,73.5
gtm,2011,58.8,79.2,64.3,33.3,43.8,73.5
gtm,2012,58.8,79.2,64.3,33.3,43.8,73.5
gtm,2013,58.1,79.2,60.7,33.3,43.8,73.5
gtm,2014,58.1,79.2,60.7,33.3,43.8,73.5
gtm,2015,59.2,79.2,60.7,38.9,43.8,73.5
gtm,2016,59.2,79.2,60.7,38.9,43.8,73.5
gtm,2017,58.6,79.2,57.1,38.9,50,67.6
gtm,2018,56,79.2,53.6,38.9,43.8,64.7
gtm,2019,52.6,69.2,46.4,38.9,43.8,64.7
gtm,2020,49.7,69.2,39.3,50,31.3,58.8
gin,2006,20.2,10,7.9,22.2,37.5,23.5
gin,2008,20.9,0,4.3,33.3,37.5,29.4
gin,2010,27.9,35,4.3,33.3,37.5,29.4
gin,2011,27.9,35,4.3,33.3,37.5,29.4
gin,2012,27.9,35,4.3,33.3,37.5,29.4
gin,2013,28.4,35,4.3,38.9,37.5,26.5
gin,2014,30.1,35,4.3,44.4,37.5,29.4
gin,2015,31.4,35,4.3,44.4,43.8,29.4
gin,2016,31.4,35,4.3,44.4,43.8,29.4
gin,2017,31.4,35,4.3,44.4,43.8,29.4
gin,2018,31.4,35,4.3,44.4,43.8,29.4
gin,2019,31.4,35,4.3,44.4,43.8,29.4
gin,2020,30.8,35,4.3,44.4,43.8,26.5
gnb,2006,20,20.8,0.7,33.3,18.8,26.5
gnb,2008,19.9,20.8,0,27.8,18.8,32.4
gnb,2010,19.9,20.8,0,27.8,18.8,32.4
gnb,2011,19.9,20.8,0,27.8,18.8,32.4
gnb,2012,14.3,4.2,0,22.2,18.8,26.5
gnb,2013,12.6,4.2,0,16.7,18.8,23.5
gnb,2014,19.3,16.7,0,27.8,31.3,20.6
gnb,2015,19.3,16.7,0,27.8,31.3,20.6
gnb,2016,19.8,16.7,0,27.8,31.3,23.5
gnb,2017,19.8,16.7,0,27.8,31.3,23.5
gnb,2018,19.8,16.7,0,27.8,31.3,23.5
gnb,2019,26.3,49.2,0,27.8,31.3,23.5
gnb,2020,26.3,49.2,0,27.8,31.3,23.5
guy,2006,61.5,83.3,53.6,44.4,43.8,82.4
guy,2008,61.2,78.3,57.1,44.4,43.8,82.4
guy,2010,60.5,79.2,53.6,55.6,43.8,70.6
guy,2011,60.5,79.2,53.6,55.6,43.8,70.6
guy,2012,60.5,79.2,53.6,55.6,43.8,70.6
guy,2013,60.5,79.2,53.6,55.6,43.8,70.6
guy,2014,59.1,79.2,46.4,55.6,43.8,70.6
guy,2015,60.5,79.2,53.6,55.6,43.8,70.6
guy,2016,62.5,83.3,53.6,61.1,43.8,70.6
guy,2017,64.6,87.5,57.1,61.1,43.8,73.5
guy,2018,66.7,91.7,57.1,61.1,50,73.5
guy,2019,61.5,69.2,53.6,61.1,50,73.5
guy,2020,60.1,65,53.6,61.1,50,70.6
hti,2006,41.9,55.8,36.4,27.8,25,64.7
hti,2008,41.9,55.8,36.4,27.8,25,64.7
hti,2010,40,51.7,18.6,27.8,37.5,64.7
hti,2011,40,51.7,18.6,27.8,37.5,64.7
hti,2012,39.6,51.7,22.1,22.2,37.5,64.7
hti,2013,39.4,47.5,22.1,22.2,37.5,67.6
hti,2014,38.2,47.5,22.1,22.2,31.3,67.6
hti,2015,39.4,47.5,22.1,22.2,37.5,67.6
hti,2016,40.2,51.7,22.1,22.2,37.5,67.6
hti,2017,40.3,51.7,22.1,22.2,43.8,61.8
hti,2018,49.1,55.8,29.3,38.9,62.5,58.8
hti,2019,45.7,47.5,20.7,38.9,62.5,58.8
hti,2020,42.2,47.5,17.1,27.8,62.5,55.9
hnd,2006,62.5,83.3,64.3,44.4,50,70.6
hnd,2008,61.8,83.3,60.7,44.4,50,70.6
hnd,2010,57.6,75,57.1,44.4,43.8,67.6
hnd,2011,58.4,87.5,57.1,38.9,43.8,64.7
hnd,2012,58.4,87.5,57.1,38.9,43.8,64.7
hnd,2013,58.4,87.5,57.1,38.9,43.8,64.7
hnd,2014,58.4,87.5,57.1,38.9,43.8,64.7
hnd,2015,58.4,87.5,57.1,38.9,43.8,64.7
hnd,2016,59.2,91.7,57.1,38.9,43.8,64.7
hnd,2017,57.2,82.5,53.6,44.4,43.8,61.8
hnd,2018,56.3,85,46.4,44.4,43.8,61.8
hnd,2019,54.2,78.3,42.9,44.4,43.8,61.8
hnd,2020,53.6,78.3,42.9,44.4,43.8,58.8
hkg,2006,60.3,35,57.1,50,62.5,97.1
hkg,2008,58.5,35,57.1,50,56.3,94.1
hkg,2010,59.2,35,53.6,44.4,68.8,94.1
hkg,2011,59.2,35,53.6,44.4,68.8,94.1
hkg,2012,64.2,47.5,60.7,50,68.8,94.1
hkg,2013,64.2,47.5,60.7,50,68.8,94.1
hkg,2014,64.6,47.5,57.1,55.6,68.8,94.1
hkg,2015,65,43.3,57.1,55.6,75,94.1
hkg,2016,64.2,39.2,57.1,55.6,75,94.1
hkg,2017,63.1,39.2,60.7,55.6,75,85.3
hkg,2018,61.5,30.8,60.7,55.6,75,85.3
hkg,2019,60.2,35.8,43.6,61.1,75,85.3
hkg,2020,55.7,31.7,36.4,50,75,85.3
hun,2006,75.3,95.8,67.9,50,68.8,94.1
hun,2008,74.4,95.8,60.7,55.6,68.8,91.2
hun,2010,72.1,95.8,60.7,50,68.8,85.3
hun,2011,70.4,95.8,60.7,44.4,68.8,82.4
hun,2012,69.6,91.7,60.7,44.4,68.8,82.4
hun,2013,69.6,91.7,60.7,44.4,68.8,82.4
hun,2014,69,91.7,60.7,44.4,68.8,79.4
hun,2015,68.4,91.7,60.7,44.4,68.8,76.5
hun,2016,67.2,91.7,60.7,44.4,68.8,70.6
hun,2017,66.4,87.5,60.7,44.4,68.8,70.6
hun,2018,66.3,87.5,60.7,50,62.5,70.6
hun,2019,66.3,87.5,60.7,50,62.5,70.6
hun,2020,65.6,83.3,64.3,50,62.5,67.6
isl,2006,97.1,100,96.4,88.9,100,100
isl,2008,96.5,100,96.4,88.9,100,97.1
isl,2010,96.5,100,96.4,88.9,100,97.1
isl,2011,96.5,100,96.4,88.9,100,97.1
isl,2012,96.5,100,96.4,88.9,100,97.1
isl,2013,96.5,100,96.4,88.9,100,97.1
isl,2014,95.8,100,92.9,88.9,100,97.1
isl,2015,95.8,100,92.9,88.9,100,97.1
isl,2016,95,100,89.3,88.9,100,97.1
isl,2017,95.8,100,92.9,88.9,100,97.1
isl,2018,95.8,100,92.9,88.9,100,97.1
isl,2019,95.8,100,92.9,88.9,100,97.1
isl,2020,93.7,100,85.7,88.9,100,94.1
ind,2006,76.8,95.8,82.1,55.6,56.3,94.1
ind,2008,78,95.8,82.1,55.6,62.5,94.1
ind,2010,72.8,95.8,85.7,44.4,43.8,94.1
ind,2011,73,95.8,75,50,50,94.1
ind,2012,75.2,95.8,75,61.1,50,94.1
ind,2013,76.9,95.8,71.4,66.7,56.3,94.1
ind,2014,79.2,95.8,71.4,72.2,62.5,94.1
ind,2015,77.4,95.8,71.4,72.2,56.3,91.2
ind,2016,78.1,95.8,75,72.2,56.3,91.2
ind,2017,72.3,91.7,67.9,72.2,56.3,73.5
ind,2018,72.3,91.7,67.9,72.2,56.3,73.5
ind,2019,69,86.7,67.9,66.7,56.3,67.6
ind,2020,66.1,86.7,71.4,66.7,50,55.9
idn,2006,64.1,69.2,71.4,50,62.5,67.6
idn,2008,63.4,69.2,67.9,50,62.5,67.6
idn,2010,65.3,69.2,75,55.6,56.3,70.6
idn,2011,65.3,69.2,75,55.6,56.3,70.6
idn,2012,67.6,69.2,75,61.1,56.3,76.5
idn,2013,68.2,69.2,75,66.7,62.5,67.6
idn,2014,69.5,73.3,71.4,66.7,62.5,73.5
idn,2015,70.3,77.5,71.4,66.7,62.5,73.5
idn,2016,69.7,77.5,71.4,66.7,62.5,70.6
idn,2017,63.9,69.2,71.4,66.7,56.3,55.9
idn,2018,63.9,69.2,71.4,66.7,56.3,55.9
idn,2019,64.8,79.2,71.4,61.1,56.3,55.9
idn,2020,63,79.2,75,61.1,43.8,55.9
irn,2006,29.3,0.8,35.7,38.9,56.3,14.7
irn,2008,28.3,9.2,28.6,33.3,50,20.6
irn,2010,19.4,0,32.1,22.2,25,17.6
irn,2011,19.8,0,28.6,27.8,25,17.6
irn,2012,19.8,0,28.6,27.8,25,17.6
irn,2013,19.8,0,28.6,27.8,25,17.6
irn,2014,19.8,0,28.6,27.8,25,17.6
irn,2015,21.6,0,28.6,33.3,31.3,14.7
irn,2016,23.4,0,32.1,38.9,31.3,14.7
irn,2017,24.5,0,32.1,44.4,31.3,14.7
irn,2018,24.5,0,32.1,44.4,31.3,14.7
irn,2019,23.8,0,28.6,44.4,31.3,14.7
irq,2006,40.1,47.5,0,55.6,56.3,41.2
irq,2008,40,47.5,0.7,66.7,43.8,41.2
irq,2010,40,43.3,7.9,61.1,37.5,50
irq,2011,40.3,43.3,4.3,72.2,37.5,44.1
irq,2012,41,43.3,7.9,72.2,37.5,44.1
irq,2013,41,43.3,7.9,72.2,37.5,44.1
irq,2014,42.3,43.3,7.9,72.2,43.8,44.1
irq,2015,40.8,43.3,0.7,72.2,43.8,44.1
irq,2016,40.8,43.3,0.7,72.2,43.8,44.1
irq,2017,40.9,43.3,0.7,72.2,50,38.2
irq,2018,40.6,47.5,0.7,66.7,50,38.2
irq,2019,37.4,52.5,0,66.7,50,17.6
irq,2020,36.2,52.5,0,66.7,50,11.8
irl,2006,90.1,95.8,89.3,77.8,87.5,100
irl,2008,90.1,95.8,89.3,77.8,87.5,100
irl,2010,87.9,95.8,78.6,77.8,87.5,100
irl,2011,85.6,95.8,78.6,72.2,81.3,100
irl,2012,85.6,95.8,78.6,72.2,81.3,100
irl,2013,86.8,95.8,78.6,72.2,87.5,100
irl,2014,87.2,95.8,75,77.8,87.5,100
irl,2015,88.5,95.8,75,77.8,93.8,100
irl,2016,91.5,95.8,78.6,83.3,100,100
irl,2017,91.5,95.8,78.6,83.3,100,100
irl,2018,91.5,95.8,78.6,83.3,100,100
irl,2019,92.4,100,78.6,83.3,100,100
irl,2020,90.5,100,78.6,83.3,93.8,97.1
isr,2006,72.8,91.7,66.4,77.8,75,52.9
isr,2008,74.8,87.5,75,83.3,75,52.9
isr,2010,74.8,87.5,75,83.3,75,52.9
isr,2011,75.3,87.5,75,83.3,75,55.9
isr,2012,75.3,87.5,75,83.3,75,55.9
isr,2013,75.3,87.5,75,83.3,75,55.9
isr,2014,76.3,87.5,71.4,88.9,75,58.8
isr,2015,77.7,91.7,71.4,88.9,75,61.8
isr,2016,78.5,91.7,75,88.9,75,61.8
isr,2017,77.9,91.7,75,88.9,75,58.8
isr,2018,77.9,91.7,75,88.9,75,58.8
isr,2019,78.6,91.7,78.6,88.9,75,58.8
isr,2020,78.4,91.7,75,94.4,75,55.9
ita,2006,77.3,91.7,64.3,61.1,81.3,88.2
ita,2008,79.8,95.8,64.3,66.7,81.3,91.2
ita,2010,78.3,95.8,67.9,61.1,81.3,85.3
ita,2011,77.4,95.8,64.3,66.7,75,85.3
ita,2012,77.4,95.8,64.3,66.7,75,85.3
ita,2013,78.5,95.8,64.3,72.2,75,85.3
ita,2014,78.5,95.8,64.3,72.2,75,85.3
ita,2015,79.8,95.8,64.3,72.2,81.3,85.3
ita,2016,79.8,95.8,64.3,72.2,81.3,85.3
ita,2017,79.8,95.8,64.3,72.2,81.3,85.3
ita,2018,77.1,95.8,60.7,77.8,68.8,82.4
ita,2019,75.2,95.8,60.7,77.8,62.5,79.4
ita,2020,77.4,95.8,64.3,72.2,75,79.4
jam,2006,73.4,91.7,71.4,50,62.5,91.2
jam,2008,72.1,91.7,67.9,50,62.5,88.2
jam,2010,72.1,91.7,67.9,50,62.5,88.2
jam,2011,71.3,91.7,64.3,50,62.5,88.2
jam,2012,73.9,91.7,67.9,50,68.8,91.2
jam,2013,73.9,91.7,67.9,50,68.8,91.2
jam,2014,73.9,91.7,67.9,50,68.8,91.2
jam,2015,73.9,91.7,67.9,50,68.8,91.2
jam,2016,73.9,91.7,67.9,50,68.8,91.2
jam,2017,72.9,91.7,71.4,44.4,68.8,88.2
jam,2018,70.2,87.5,71.4,44.4,62.5,85.3
jam,2019,69.6,87.5,71.4,44.4,62.5,82.4
jam,2020,71.3,87.5,71.4,50,62.5,85.3
jpn,2006,81.5,91.7,78.6,55.6,87.5,94.1
jpn,2008,82.5,87.5,82.1,61.1,87.5,94.1
jpn,2010,80.8,91.7,82.1,61.1,75,94.1
jpn,2011,80.8,91.7,82.1,61.1,75,94.1
jpn,2012,80.8,91.7,82.1,61.1,75,94.1
jpn,2013,80.8,91.7,82.1,61.1,75,94.1
jpn,2014,80.8,91.7,82.1,61.1,75,94.1
jpn,2015,79.6,91.7,82.1,61.1,75,88.2
jpn,2016,79.9,87.5,82.1,66.7,75,88.2
jpn,2017,78.8,87.5,82.1,61.1,75,88.2
jpn,2018,79.9,87.5,82.1,66.7,75,88.2
jpn,2019,79.9,87.5,82.1,66.7,75,88.2
jpn,2020,81.3,87.5,85.7,66.7,81.3,85.3
jor,2006,39.2,30.8,37.9,38.9,50,38.2
jor,2008,39.3,31.7,32.1,44.4,50,38.2
jor,2010,37.4,31.7,46.4,33.3,37.5,38.2
jor,2011,38.9,31.7,42.9,44.4,37.5,38.2
jor,2012,37.6,31.7,39.3,44.4,37.5,35.3
jor,2013,37.6,31.7,39.3,44.4,37.5,35.3
jor,2014,37.6,31.7,39.3,44.4,37.5,35.3
jor,2015,38.6,35.8,39.3,38.9,43.8,35.3
jor,2016,39.6,40,42.9,38.9,43.8,32.4
jor,2017,38.7,35.8,42.9,38.9,43.8,32.4
jor,2018,39.3,35.8,42.9,38.9,43.8,35.3
jor,2019,39.3,35.8,42.9,38.9,43.8,35.3
jor,2020,36.2,26.7,39.3,38.9,43.8,32.4
kaz,2006,36.2,26.7,21.4,33.3,43.8,55.9
kaz,2008,34.5,26.7,21.4,27.8,43.8,52.9
kaz,2010,33,13.3,21.4,33.3,43.8,52.9
kaz,2011,32.4,13.3,21.4,33.3,43.8,50
kaz,2012,29.5,5,21.4,33.3,43.8,44.1
kaz,2013,30.6,5,21.4,38.9,43.8,44.1
kaz,2014,31.7,5,21.4,44.4,43.8,44.1
kaz,2015,30.6,5,21.4,44.4,43.8,38.2
kaz,2016,30.6,5,21.4,44.4,43.8,38.2
kaz,2017,30.6,5,21.4,44.4,43.8,38.2
kaz,2018,29.4,5,21.4,44.4,43.8,32.4
kaz,2019,29.4,5,21.4,44.4,43.8,32.4
kaz,2020,31.4,5,32.1,50,37.5,32.4
ken,2006,50.8,43.3,42.9,55.6,62.5,50
ken,2008,47.9,35,42.9,55.6,56.3,50
ken,2010,47.1,39.2,42.9,44.4,56.3,52.9
ken,2011,47.1,39.2,42.9,44.4,56.3,52.9
ken,2012,47.1,39.2,42.9,44.4,56.3,52.9
ken,2013,51.3,43.3,42.9,61.1,56.3,52.9
ken,2014,51.3,43.3,42.9,61.1,56.3,52.9
ken,2015,53.3,43.3,50,66.7,56.3,50
ken,2016,53.3,43.3,50,66.7,56.3,50
ken,2017,51.1,35,53.6,66.7,56.3,44.1
ken,2018,51.1,35,53.6,66.7,56.3,44.1
ken,2019,51.8,35,57.1,66.7,56.3,44.1
ken,2020,50.5,35,53.6,66.7,56.3,41.2
kwt,2006,30.9,13.3,41.4,11.1,56.3,32.4
kwt,2008,33.9,13.3,42.9,27.8,50,35.3
kwt,2010,38.8,35.8,42.9,33.3,43.8,38.2
kwt,2011,37.4,31.7,42.9,33.3,43.8,35.3
kwt,2012,37.8,31.7,39.3,38.9,43.8,35.3
kwt,2013,37.8,31.7,39.3,38.9,43.8,35.3
kwt,2014,37.8,31.7,39.3,38.9,43.8,35.3
kwt,2015,38.5,31.7,42.9,38.9,43.8,35.3
kwt,2016,38.5,31.7,42.9,38.9,43.8,35.3
kwt,2017,38.5,31.7,42.9,38.9,43.8,35.3
kwt,2018,38.5,31.7,42.9,38.9,43.8,35.3
kwt,2019,39.3,35.8,42.9,38.9,43.8,35.3
kwt,2020,38,35.8,39.3,38.9,43.8,32.4
kgz,2006,40.8,57.5,18.6,27.8,50,50
kgz,2008,40.5,48.3,18.6,38.9,43.8,52.9
kgz,2010,43.1,57.5,11.4,50,43.8,52.9
kgz,2011,43.4,57.5,18.6,44.4,43.8,52.9
kgz,2012,46.9,65.8,22.1,50,43.8,52.9
kgz,2013,46.9,65.8,22.1,50,43.8,52.9
kgz,2014,52.4,65.8,32.9,66.7,43.8,52.9
kgz,2015,53.3,78.3,32.9,55.6,50,50
kgz,2016,49.3,74.2,29.3,55.6,37.5,50
kgz,2017,51.1,65.8,29.3,66.7,43.8,50
kgz,2018,51.1,65.8,29.3,66.7,43.8,50
kgz,2019,48.9,60.8,29.3,66.7,37.5,50
kgz,2020,42.1,47.5,29.3,55.6,31.3,47.1
lao,2006,21,0,32.1,11.1,50,11.8
lao,2008,21,0,32.1,11.1,50,11.8
lao,2010,21,0,32.1,11.1,50,11.8
lao,2011,21,0,32.1,11.1,50,11.8
lao,2012,23.2,0,32.1,22.2,50,11.8
lao,2013,22.1,0,32.1,16.7,50,11.8
lao,2014,22.1,0,32.1,16.7,50,11.8
lao,2015,22.1,0,32.1,16.7,50,11.8
lao,2016,23.7,8.3,28.6,16.7,50,14.7
lao,2017,23.7,8.3,28.6,16.7,50,14.7
lao,2018,23.7,8.3,28.6,16.7,50,14.7
lao,2019,21.4,0,28.6,16.7,50,11.8
lao,2020,17.7,0,28.6,16.7,37.5,5.9
lva,2006,73.7,95.8,64.3,61.1,56.3,91.2
lva,2008,72.3,95.8,57.1,61.1,56.3,91.2
lva,2010,70.5,95.8,53.6,55.6,56.3,91.2
lva,2011,70.5,95.8,53.6,55.6,56.3,91.2
lva,2012,70.5,95.8,53.6,55.6,56.3,91.2
lva,2013,70.5,95.8,53.6,55.6,56.3,91.2
lva,2014,74.8,95.8,57.1,61.1,68.8,91.2
lva,2015,73.7,95.8,57.1,55.6,68.8,91.2
lva,2016,73.1,95.8,57.1,55.6,68.8,88.2
lva,2017,72.5,95.8,57.1,55.6,68.8,85.3
lva,2018,73.8,95.8,60.7,55.6,68.8,88.2
lva,2019,74.9,95.8,60.7,61.1,68.8,88.2
lva,2020,72.4,95.8,60.7,66.7,56.3,82.4
lbn,2006,58.2,79.2,23.6,61.1,62.5,64.7
lbn,2008,56.2,79.2,32.1,61.1,50,58.8
lbn,2010,58.2,79.2,39.3,66.7,50,55.9
lbn,2011,53.2,66.7,21.4,72.2,50,55.9
lbn,2012,50.5,56.7,17.9,72.2,50,55.9
lbn,2013,50.5,56.7,17.9,72.2,50,55.9
lbn,2014,51.2,56.7,21.4,72.2,50,55.9
lbn,2015,48.6,44.2,21.4,77.8,43.8,55.9
lbn,2016,48.6,44.2,21.4,77.8,43.8,55.9
lbn,2017,47.2,35,25.7,72.2,56.3,47.1
lbn,2018,46.3,39.2,22.1,66.7,56.3,47.1
lbn,2019,43.6,39.2,15,66.7,50,47.1
lbn,2020,41.6,35,15,66.7,50,41.2
lso,2006,64.8,79.2,64.3,44.4,62.5,73.5
lso,2008,62.9,74.2,60.7,55.6,56.3,67.6
lso,2010,60.2,74.2,60.7,61.1,37.5,67.6
lso,2011,63.3,74.2,57.1,61.1,56.3,67.6
lso,2012,66.6,82.5,57.1,66.7,56.3,70.6
lso,2013,66.6,82.5,57.1,66.7,56.3,70.6
lso,2014,66.6,82.5,57.1,66.7,56.3,70.6
lso,2015,65.9,82.5,53.6,66.7,56.3,70.6
lso,2016,65.9,82.5,53.6,66.7,56.3,70.6
lso,2017,66.4,91.7,50,66.7,56.3,67.6
lso,2018,66.4,91.7,50,66.7,56.3,67.6
lso,2019,65.4,91.7,45,66.7,56.3,67.6
lso,2020,63,91.7,41.4,61.1,56.3,64.7
lbr,2006,52.2,77.5,21.4,50,56.3,55.9
lbr,2008,52.5,78.3,7.9,61.1,56.3,58.8
lbr,2010,50.7,78.3,7.9,55.6,50,61.8
lbr,2011,50.7,78.3,7.9,55.6,50,61.8
lbr,2012,49.5,78.3,7.9,55.6,50,55.9
lbr,2013,49.5,78.3,7.9,55.6,50,55.9
lbr,2014,49.5,78.3,7.9,55.6,50,55.9
lbr,2015,49.5,78.3,7.9,55.6,50,55.9
lbr,2016,53.1,78.3,25.7,55.6,50,55.9
lbr,2017,52.3,74.2,25.7,55.6,50,55.9
lbr,2018,53.5,74.2,25.7,55.6,56.3,55.9
lbr,2019,54.5,74.2,30.7,55.6,56.3,55.9
lbr,2020,53.2,74.2,27.1,55.6,56.3,52.9
lby,2006,18.4,0,16.4,11.1,50,14.7
lby,2008,20,0,21.4,11.1,50,17.6
lby,2010,19.4,0,21.4,11.1,50,14.7
lby,2011,35.5,0,28.6,33.3,62.5,52.9
lby,2012,51.5,43.3,57.1,38.9,62.5,55.9
lby,2013,48.2,43.3,46.4,38.9,56.3,55.9
lby,2014,38,22.5,25,33.3,56.3,52.9
lby,2015,22.5,10,0,16.7,56.3,29.4
lby,2016,22.5,10,0,16.7,56.3,29.4
lby,2017,23.2,10,3.6,16.7,56.3,29.4
lby,2018,21.9,10,3.6,16.7,50,29.4
lby,2019,20.2,0,0,27.8,43.8,29.4
lby,2020,19.5,0,0,33.3,37.5,26.5
ltu,2006,74.3,95.8,64.3,66.7,56.3,88.2
ltu,2008,73.6,95.8,57.1,61.1,62.5,91.2
ltu,2010,72.4,95.8,57.1,55.6,62.5,91.2
ltu,2011,72.4,95.8,57.1,55.6,62.5,91.2
ltu,2012,72.4,95.8,57.1,55.6,62.5,91.2
ltu,2013,75.4,95.8,60.7,61.1,62.5,97.1
ltu,2014,75.4,95.8,60.7,61.1,62.5,97.1
ltu,2015,75.4,95.8,60.7,61.1,62.5,97.1
ltu,2016,74.7,95.8,57.1,61.1,62.5,97.1
ltu,2017,74.1,95.8,57.1,61.1,62.5,94.1
ltu,2018,75,95.8,64.3,61.1,62.5,91.2
ltu,2019,75,95.8,64.3,61.1,62.5,91.2
lux,2006,91,100,92.9,77.8,87.5,97.1
lux,2008,91,100,92.9,77.8,87.5,97.1
lux,2010,88.8,100,92.9,66.7,87.5,97.1
lux,2011,88.8,100,92.9,66.7,87.5,97.1
lux,2012,88.8,100,92.9,66.7,87.5,97.1
lux,2013,88.8,100,92.9,66.7,87.5,97.1
lux,2014,88.8,100,92.9,66.7,87.5,97.1
lux,2015,88.8,100,92.9,66.7,87.5,97.1
lux,2016,88.1,100,89.3,66.7,87.5,97.1
lux,2017,88.1,100,89.3,66.7,87.5,97.1
lux,2018,88.1,100,89.3,66.7,87.5,97.1
lux,2019,88.1,100,89.3,66.7,87.5,97.1
lux,2020,86.8,100,85.7,66.7,87.5,94.1
mkd,2006,63.3,82.5,45,72.2,37.5,79.4
mkd,2008,62.1,82.5,41.4,66.7,37.5,82.4
mkd,2010,61.6,77.5,46.4,61.1,43.8,79.4
mkd,2011,61.6,77.5,46.4,61.1,43.8,79.4
mkd,2012,61.6,77.5,46.4,61.1,43.8,79.4
mkd,2013,61.6,77.5,46.4,61.1,43.8,79.4
mkd,2014,62.5,77.5,53.6,61.1,43.8,76.5
mkd,2015,60.2,73.3,46.4,61.1,43.8,76.5
mkd,2016,52.3,69.2,32.1,61.1,37.5,61.8
mkd,2017,55.7,65,50,55.6,37.5,70.6
mkd,2018,58.7,65,53.6,66.7,37.5,70.6
mkd,2019,59.7,70,53.6,66.7,37.5,70.6
mkd,2020,58.9,74.2,57.1,61.1,31.3,70.6
mdg,2006,58.2,56.7,57.1,55.6,68.8,52.9
mdg,2008,55.7,56.7,57.1,55.6,56.3,52.9
mdg,2010,39.4,21.7,21.4,44.4,62.5,47.1
mdg,2011,39.3,21.7,21.4,50,56.3,47.1
mdg,2012,39.3,21.7,21.4,50,56.3,47.1
mdg,2013,43.2,38.3,21.4,50,56.3,50
mdg,2014,44.2,42.5,25,50,56.3,47.1
mdg,2015,48.5,55,28.6,55.6,56.3,47.1
mdg,2016,50.7,59.2,35.7,55.6,56.3,47.1
mdg,2017,51.1,60.8,35.7,55.6,56.3,47.1
mdg,2018,52.2,60.8,35.7,61.1,56.3,47.1
mdg,2019,56.4,79.2,35.7,61.1,56.3,50
mdg,2020,57,79.2,35.7,66.7,56.3,47.1
mwi,2006,49.7,60,50,38.9,43.8,55.9
mwi,2008,51.3,60.8,50,33.3,56.3,55.9
mwi,2010,58.4,70,57.1,50,56.3,58.8
mwi,2011,58.4,70,57.1,55.6,56.3,52.9
mwi,2012,60.8,70,57.1,55.6,62.5,58.8
mwi,2013,60,70,50,55.6,62.5,61.8
mwi,2014,56.6,65.8,42.9,50,62.5,61.8
mwi,2015,55.5,65.8,42.9,44.4,62.5,61.8
mwi,2016,55.5,65.8,42.9,44.4,62.5,61.8
mwi,2017,54.9,65.8,42.9,44.4,62.5,58.8
mwi,2018,54.9,65.8,42.9,44.4,62.5,58.8
mwi,2019,55,60.8,42.9,50,62.5,58.8
mwi,2020,57.4,70,42.9,50,62.5,61.8
mys,2006,59.8,60.8,57.1,44.4,75,61.8
mys,2008,63.6,65,60.7,55.6,75,61.8
mys,2010,61.9,65,67.9,55.6,62.5,58.8
mys,2011,61.9,65,67.9,55.6,62.5,58.8
mys,2012,64.1,65,78.6,55.6,62.5,58.8
mys,2013,64.9,69.2,78.6,55.6,62.5,58.8
mys,2014,64.9,69.2,78.6,55.6,62.5,58.8
mys,2015,64.3,69.2,78.6,55.6,62.5,55.9
mys,2016,65.4,69.2,78.6,61.1,62.5,55.9
mys,2017,65.4,69.2,78.6,61.1,62.5,55.9
mys,2018,68.8,77.5,78.6,66.7,62.5,58.8
mys,2019,71.6,91.7,78.6,66.7,62.5,58.8
mys,2020,71.9,95.8,78.6,66.7,62.5,55.9
mli,2006,59.9,82.5,57.1,38.9,56.3,64.7
mli,2008,58.7,82.5,57.1,38.9,56.3,58.8
mli,2010,60.1,82.5,64.3,38.9,56.3,58.8
mli,2011,63.6,82.5,64.3,44.4,56.3,70.6
mli,2012,51.2,74.2,35.7,50,31.3,64.7
mli,2013,59,78.3,39.3,50,62.5,64.7
mli,2014,57.9,78.3,39.3,44.4,62.5,64.7
mli,2015,57,74.2,39.3,44.4,62.5,64.7
mli,2016,57,74.2,39.3,44.4,62.5,64.7
mli,2017,56.4,74.2,39.3,44.4,62.5,61.8
mli,2018,54.1,74.2,39.3,38.9,56.3,61.8
mli,2019,49.2,64.2,30.7,38.9,56.3,55.9
mli,2020,39.3,51.7,0,44.4,56.3,44.1
mlt,2006,83.9,91.7,82.1,61.1,87.5,97.1
mlt,2008,83.9,91.7,82.1,61.1,87.5,97.1
mlt,2010,82.8,91.7,82.1,55.6,87.5,97.1
mlt,2011,82.8,91.7,82.1,55.6,87.5,97.1
mlt,2012,82.8,91.7,82.1,55.6,87.5,97.1
mlt,2013,82.8,91.7,82.1,55.6,87.5,97.1
mlt,2014,83.9,91.7,82.1,61.1,87.5,97.1
mlt,2015,83.9,91.7,82.1,61.1,87.5,97.1
mlt,2016,83.9,91.7,82.1,61.1,87.5,97.1
mlt,2017,81.5,91.7,82.1,61.1,87.5,85.3
mlt,2018,82.1,91.7,82.1,61.1,87.5,88.2
mlt,2019,79.5,91.7,75,61.1,81.3,88.2
mlt,2020,76.8,91.7,67.9,61.1,81.3,82.4
mrt,2006,31.2,18.3,42.9,22.2,31.3,41.2
mrt,2008,39.1,20.8,42.9,44.4,37.5,50
mrt,2010,38.6,30,42.9,38.9,31.3,50
mrt,2011,41.7,34.2,42.9,50,31.3,50
mrt,2012,41.7,34.2,42.9,50,31.3,50
mrt,2013,41.7,34.2,42.9,50,31.3,50
mrt,2014,41.7,34.2,42.9,50,31.3,50
mrt,2015,39.6,30,42.9,50,31.3,44.1
mrt,2016,39.6,30,42.9,50,31.3,44.1
mrt,2017,38.2,30,35.7,50,31.3,44.1
mrt,2018,38.2,30,35.7,50,31.3,44.1
mrt,2019,39.2,35,35.7,50,31.3,44.1
mrt,2020,39.2,35,35.7,50,31.3,44.1
mus,2006,80.4,91.7,82.1,50,81.3,97.1
mus,2008,80.4,91.7,82.1,50,81.3,97.1
mus,2010,80.4,91.7,82.1,50,81.3,97.1
mus,2011,80.4,91.7,82.1,50,81.3,97.1
mus,2012,81.7,91.7,82.1,50,87.5,97.1
mus,2013,81.7,91.7,82.1,50,87.5,97.1
mus,2014,81.7,91.7,82.1,50,87.5,97.1
mus,2015,82.8,91.7,82.1,55.6,87.5,97.1
mus,2016,82.8,91.7,82.1,55.6,87.5,97.1
mus,2017,82.2,91.7,82.1,55.6,87.5,94.1
mus,2018,82.2,91.7,82.1,55.6,87.5,94.1
mus,2019,82.2,91.7,82.1,55.6,87.5,94.1
mus,2020,81.4,91.7,78.6,61.1,87.5,88.2
mex,2006,66.7,87.5,60.7,50,50,85.3
mex,2008,67.8,79.2,71.4,50,50,88.2
mex,2010,69.3,87.5,71.4,61.1,50,76.5
mex,2011,69.3,87.5,71.4,61.1,50,76.5
mex,2012,69,83.3,71.4,66.7,50,73.5
mex,2013,69.1,87.5,67.9,66.7,50,73.5
mex,2014,66.8,83.3,60.7,66.7,50,73.5
mex,2015,65.5,83.3,60.7,72.2,43.8,67.6
mex,2016,64.7,79.2,60.7,72.2,43.8,67.6
mex,2017,64.1,78.3,64.3,72.2,43.8,61.8
mex,2018,61.9,83.3,60.7,72.2,31.3,61.8
mex,2019,60.9,78.3,60.7,72.2,31.3,61.8
mex,2020,60.7,78.3,57.1,77.8,31.3,58.8
mda,2006,65,91.7,42.9,61.1,50,79.4
mda,2008,65,91.7,42.9,61.1,50,79.4
mda,2010,63.3,87.5,57.1,61.1,31.3,79.4
mda,2011,63.3,87.5,50,55.6,43.8,79.4
mda,2012,63.2,87.5,50,55.6,43.8,79.4
mda,2013,63.2,87.5,50,55.6,43.8,79.4
mda,2014,63.2,87.5,50,55.6,43.8,79.4
mda,2015,63.5,79.2,42.9,66.7,43.8,85.3
mda,2016,60.1,79.2,42.9,61.1,43.8,73.5
mda,2017,59.4,75,46.4,61.1,43.8,70.6
mda,2018,58.5,70.8,46.4,61.1,43.8,70.6
mda,2019,57.5,65.8,46.4,61.1,43.8,70.6
mda,2020,57.8,70,46.4,61.1,43.8,67.6
mng,2006,66,91.7,60.7,38.9,56.3,82.4
mng,2008,66,91.7,60.7,38.9,56.3,82.4
mng,2010,63.6,83.3,57.1,38.9,56.3,82.4
mng,2011,62.3,83.3,57.1,38.9,50,82.4
mng,2012,63.5,83.3,57.1,44.4,50,82.4
mng,2013,65.1,91.7,57.1,44.4,50,82.4
mng,2014,66.2,91.7,57.1,50,50,82.4
mng,2015,66.2,91.7,57.1,50,50,82.4
mng,2016,66.2,91.7,57.1,50,50,82.4
mng,2017,65,91.7,57.1,55.6,50,70.6
mng,2018,65,91.7,57.1,55.6,50,70.6
mng,2019,65,91.7,57.1,55.6,50,70.6
mng,2020,64.8,87.5,57.1,55.6,56.3,67.6
mne,2006,65.7,91.7,57.1,50,56.3,73.5
mne,2008,64.3,91.7,50,50,56.3,73.5
mne,2010,62.7,87.5,50,55.6,50,70.6
mne,2011,61.5,87.5,50,55.6,43.8,70.6
mne,2012,60.5,79.2,53.6,55.6,43.8,70.6
mne,2013,59.4,79.2,53.6,50,43.8,70.6
mne,2014,59.4,79.2,53.6,50,43.8,70.6
mne,2015,60.1,79.2,57.1,50,43.8,70.6
mne,2016,57.2,70.8,53.6,50,43.8,67.6
mne,2017,56.9,60.8,53.6,55.6,43.8,70.6
mne,2018,57.4,60.8,53.6,61.1,43.8,67.6
mne,2019,56.5,56.7,53.6,61.1,43.8,67.6
mne,2020,57.7,74.2,57.1,61.1,31.3,64.7
mar,2006,39,35,37.9,27.8,56.3,38.2
mar,2008,38.8,35,39.3,22.2,56.3,41.2
mar,2010,37.9,35,46.4,16.7,50,41.2
mar,2011,38.3,35,46.4,22.2,43.8,44.1
mar,2012,40.7,35,46.4,27.8,50,44.1
mar,2013,40.7,35,46.4,27.8,50,44.1
mar,2014,40,35,42.9,27.8,50,44.1
mar,2015,46.6,47.5,46.4,38.9,56.3,44.1
mar,2016,47.7,47.5,46.4,44.4,56.3,44.1
mar,2017,48.7,52.5,46.4,44.4,56.3,44.1
mar,2018,49.9,52.5,46.4,50,56.3,44.1
mar,2019,51,52.5,46.4,55.6,56.3,44.1
mar,2020,50.4,52.5,46.4,55.6,56.3,41.2
moz,2006,52.8,52.5,57.1,44.4,68.8,41.2
moz,2008,54.9,61.7,53.6,55.6,62.5,41.2
moz,2010,49,48.3,46.4,55.6,56.3,38.2
moz,2011,49,48.3,46.4,55.6,56.3,38.2
moz,2012,48.8,48.3,42.9,55.6,56.3,41.2
moz,2013,47.7,44.2,35.7,61.1,56.3,41.2
moz,2014,46.6,44.2,35.7,55.6,56.3,41.2
moz,2015,46,44.2,35.7,55.6,56.3,38.2
moz,2016,40.2,44.2,21.4,50,50,35.3
moz,2017,40.2,44.2,21.4,50,50,35.3
moz,2018,38.5,35.8,21.4,50,50,35.3
moz,2019,36.5,25.8,21.4,50,50,35.3
moz,2020,35.1,25.8,14.3,50,50,35.3
mmr,2006,17.7,0,17.9,5.6,56.3,8.8
mmr,2008,17.7,0,17.9,5.6,56.3,8.8
mmr,2010,17.7,0,17.9,5.6,56.3,8.8
mmr,2011,17.7,0,17.9,5.6,56.3,8.8
mmr,2012,23.5,15,17.9,16.7,56.3,11.8
mmr,2013,27.6,15,21.4,27.8,56.3,17.6
mmr,2014,30.5,19.2,28.6,27.8,56.3,20.6
mmr,2015,41.4,31.7,35.7,44.4,68.8,26.5
mmr,2016,42,31.7,35.7,44.4,68.8,29.4
mmr,2017,38.3,36.7,39.3,38.9,56.3,20.6
mmr,2018,38.3,36.7,39.3,38.9,56.3,20.6
mmr,2019,35.5,30.8,39.3,27.8,56.3,23.5
mmr,2020,30.4,17.5,39.3,27.8,43.8,23.5
nam,2006,65.4,47.5,40,66.7,87.5,85.3
nam,2008,64.8,52.5,53.6,66.7,68.8,82.4
nam,2010,62.3,52.5,53.6,66.7,56.3,82.4
nam,2011,62.4,56.7,50,66.7,56.3,82.4
nam,2012,62.4,56.7,50,66.7,56.3,82.4
nam,2013,62.4,56.7,50,66.7,56.3,82.4
nam,2014,62.4,56.7,50,66.7,56.3,82.4
nam,2015,63.1,56.7,53.6,66.7,56.3,82.4
nam,2016,63.1,56.7,53.6,66.7,56.3,82.4
nam,2017,63.1,56.7,53.6,66.7,56.3,82.4
nam,2018,62.5,56.7,53.6,66.7,56.3,79.4
nam,2019,64.3,65.8,53.6,66.7,56.3,79.4
nam,2020,65.2,70,53.6,66.7,56.3,79.4
npl,2006,34.2,0.8,35.7,22.2,56.3,55.9
npl,2008,40.5,13.3,42.9,27.8,62.5,55.9
npl,2010,42.4,18.3,42.9,38.9,56.3,55.9
npl,2011,42.4,18.3,42.9,38.9,56.3,55.9
npl,2012,41.6,26.7,42.9,38.9,43.8,55.9
npl,2013,47.7,39.2,42.9,44.4,56.3,55.9
npl,2014,47.7,39.2,42.9,44.4,56.3,55.9
npl,2015,47.7,39.2,42.9,44.4,56.3,55.9
npl,2016,48.6,43.3,42.9,44.4,56.3,55.9
npl,2017,51.8,43.3,53.6,50,56.3,55.9
npl,2018,51.8,43.3,53.6,50,56.3,55.9
npl,2019,52.8,48.3,53.6,50,56.3,55.9
npl,2020,52.2,48.3,53.6,50,56.3,52.9
nld,2006,96.6,95.8,92.9,94.4,100,100
nld,2008,95.3,95.8,89.3,94.4,100,97.1
nld,2010,89.9,95.8,89.3,88.9,81.3,94.1
nld,2011,89.9,95.8,89.3,88.9,81.3,94.1
nld,2012,89.9,95.8,89.3,88.9,81.3,94.1
nld,2013,88.4,95.8,82.1,88.9,81.3,94.1
nld,2014,89.2,95.8,85.7,88.9,81.3,94.1
nld,2015,89.2,95.8,85.7,88.9,81.3,94.1
nld,2016,88,95.8,85.7,83.3,81.3,94.1
nld,2017,88.9,95.8,92.9,83.3,81.3,91.2
nld,2018,88.9,95.8,92.9,83.3,81.3,91.2
nld,2019,90.1,95.8,92.9,83.3,87.5,91.2
nld,2020,89.6,95.8,92.9,83.3,87.5,88.2
nzl,2006,90.1,100,85.7,83.3,81.3,100
nzl,2008,91.9,100,89.3,88.9,81.3,100
nzl,2010,92.6,100,92.9,88.9,81.3,100
nzl,2011,92.6,100,92.9,88.9,81.3,100
nzl,2012,92.6,100,92.9,88.9,81.3,100
nzl,2013,92.6,100,92.9,88.9,81.3,100
nzl,2014,92.6,100,92.9,88.9,81.3,100
nzl,2015,92.6,100,92.9,88.9,81.3,100
nzl,2016,92.6,100,92.9,88.9,81.3,100
nzl,2017,92.6,100,92.9,88.9,81.3,100
nzl,2018,92.6,100,92.9,88.9,81.3,100
nzl,2019,92.6,100,92.9,88.9,81.3,100
nzl,2020,92.5,100,89.3,88.9,87.5,97.1
nic,2006,56.8,82.5,57.1,33.3,37.5,73.5
nic,2008,60.7,91.7,43.6,38.9,50,79.4
nic,2010,57.3,74.2,43.6,38.9,56.3,73.5
nic,2011,55.6,65.8,43.6,38.9,56.3,73.5
nic,2012,55.6,65.8,43.6,38.9,56.3,73.5
nic,2013,54.6,61.7,40,44.4,56.3,70.6
nic,2014,53.2,61.7,32.9,44.4,56.3,70.6
nic,2015,52.6,61.7,32.9,44.4,56.3,67.6
nic,2016,48.1,45,32.9,38.9,56.3,67.6
nic,2017,46.6,34.2,32.9,38.9,56.3,70.6
nic,2018,36.3,26.7,18.6,38.9,56.3,41.2
nic,2019,35.5,12.5,28.6,38.9,56.3,41.2
nic,2020,36,4.2,28.6,50,56.3,41.2
ner,2006,35.4,52.5,11.4,16.7,37.5,58.8
ner,2008,34.1,52.5,11.4,22.2,37.5,47.1
ner,2010,33.8,52.5,4.3,27.8,37.5,47.1
ner,2011,41.6,75,11.4,27.8,43.8,50
ner,2012,41.6,75,11.4,27.8,43.8,50
ner,2013,40.8,70.8,11.4,27.8,43.8,50
ner,2014,40.2,70.8,11.4,27.8,43.8,47.1
ner,2015,38.5,62.5,11.4,27.8,43.8,47.1
ner,2016,39.6,62.5,11.4,33.3,43.8,47.1
ner,2017,37.6,52.5,11.4,33.3,43.8,47.1
ner,2018,37.6,52.5,11.4,33.3,43.8,47.1
ner,2019,32.9,29.2,11.4,33.3,43.8,47.1
ner,2020,32.9,29.2,11.4,33.3,43.8,47.1
nga,2006,35.2,30.8,18.6,44.4,43.8,38.2
nga,2008,35.3,29.2,32.1,33.3,43.8,38.2
nga,2010,34.7,38.3,32.1,33.3,31.3,38.2
nga,2011,38.3,56.7,32.1,33.3,31.3,38.2
nga,2012,37.7,56.7,32.1,33.3,31.3,35.3
nga,2013,37.7,56.7,32.1,33.3,31.3,35.3
nga,2014,37.6,56.7,28.6,33.3,31.3,38.2
nga,2015,46.2,60.8,42.9,33.3,50,44.1
nga,2016,45,60.8,42.9,33.3,43.8,44.1
nga,2017,44.4,60.8,46.4,33.3,37.5,44.1
nga,2018,44.4,60.8,46.4,33.3,37.5,44.1
nga,2019,41.2,51.7,39.3,33.3,37.5,44.1
nga,2020,41,51.7,35.7,38.9,37.5,41.2
prk,2006,10.3,8.3,25,5.6,12.5,0
prk,2008,8.6,0,25,5.6,12.5,0
prk,2010,10.8,0,25,16.7,12.5,0
prk,2011,10.8,0,25,16.7,12.5,0
prk,2012,10.8,0,25,16.7,12.5,0
prk,2013,10.8,0,25,16.7,12.5,0
prk,2014,10.8,0,25,16.7,12.5,0
prk,2015,10.8,0,25,16.7,12.5,0
prk,2016,10.8,0,25,16.7,12.5,0
prk,2017,10.8,0,25,16.7,12.5,0
prk,2018,10.8,0,25,16.7,12.5,0
prk,2019,10.8,0,25,16.7,12.5,0
prk,2020,10.8,0,25,16.7,12.5,0
nor,2006,95.5,100,96.4,100,81.3,100
nor,2008,96.8,100,96.4,100,87.5,100
nor,2010,98,100,96.4,100,93.8,100
nor,2011,98,100,96.4,100,93.8,100
nor,2012,99.3,100,96.4,100,100,100
nor,2013,99.3,100,96.4,100,100,100
nor,2014,99.3,100,96.4,100,100,100
nor,2015,99.3,100,96.4,100,100,100
nor,2016,99.3,100,96.4,100,100,100
nor,2017,98.7,100,96.4,100,100,97.1
nor,2018,98.7,100,96.4,100,100,97.1
nor,2019,98.7,100,96.4,100,100,97.1
nor,2020,98.1,100,96.4,100,100,94.1
omn,2006,27.7,0,30.7,16.7,50,41.2
omn,2008,29.8,0,35.7,22.2,50,41.2
omn,2010,28.6,0,35.7,22.2,43.8,41.2
omn,2011,32.6,0,39.3,38.9,43.8,41.2
omn,2012,32.6,0,39.3,38.9,43.8,41.2
omn,2013,32.6,0,39.3,38.9,43.8,41.2
omn,2014,31.5,0,39.3,33.3,43.8,41.2
omn,2015,30.4,0,39.3,27.8,43.8,41.2
omn,2016,30.4,0,39.3,27.8,43.8,41.2
omn,2017,30.4,0,39.3,27.8,43.8,41.2
omn,2018,30.4,0,39.3,27.8,43.8,41.2
omn,2019,30.6,0.8,39.3,27.8,43.8,41.2
omn,2020,30,0.8,39.3,27.8,43.8,38.2
pak,2006,39.2,43.3,53.6,5.6,43.8,50
pak,2008,44.6,60.8,57.1,11.1,43.8,50
pak,2010,45.5,51.7,57.1,22.2,43.8,52.9
pak,2011,45.5,51.7,57.1,22.2,43.8,52.9
pak,2012,45.7,55.8,53.6,22.2,43.8,52.9
pak,2013,46.4,60,53.6,27.8,37.5,52.9
pak,2014,46.4,60,53.6,27.8,37.5,52.9
pak,2015,44,60,57.1,27.8,25,50
pak,2016,43.3,60,53.6,27.8,25,50
pak,2017,42.6,65,53.6,22.2,25,47.1
pak,2018,41.7,60.8,53.6,22.2,25,47.1
pak,2019,42.5,60.8,57.1,22.2,25,47.1
pak,2020,43.1,56.7,53.6,33.3,25,47.1
pse,2006,60.1,82.5,27.1,77.8,68.8,44.1
pse,2008,58.3,78.3,28.6,77.8,62.5,44.1
pse,2010,54.4,78.3,28.6,83.3,43.8,38.2
pse,2011,49.7,60,28.6,77.8,43.8,38.2
pse,2012,48,51.7,28.6,77.8,43.8,38.2
pse,2013,48,51.7,28.6,77.8,43.8,38.2
pse,2014,47.2,47.5,28.6,77.8,43.8,38.2
pse,2015,45.7,47.5,21.4,77.8,43.8,38.2
pse,2016,44.9,43.3,21.4,77.8,43.8,38.2
pse,2017,44.6,38.3,25,77.8,43.8,38.2
pse,2018,43.9,38.3,21.4,77.8,43.8,38.2
pse,2019,38.9,33.3,1.4,77.8,43.8,38.2
pse,2020,38.3,33.3,1.4,77.8,43.8,35.3
pan,2006,73.5,95.8,71.4,55.6,56.3,88.2
pan,2008,73.5,95.8,71.4,55.6,56.3,88.2
pan,2010,71.5,95.8,67.9,55.6,50,88.2
pan,2011,70.8,95.8,64.3,55.6,50,88.2
pan,2012,70.8,95.8,64.3,55.6,50,88.2
pan,2013,70.8,95.8,64.3,55.6,50,88.2
pan,2014,70.8,95.8,64.3,55.6,50,88.2
pan,2015,71.9,95.8,64.3,61.1,50,88.2
pan,2016,71.3,95.8,64.3,61.1,50,85.3
pan,2017,70.8,95.8,67.9,61.1,50,79.4
pan,2018,70.5,95.8,60.7,66.7,50,79.4
pan,2019,70.5,95.8,60.7,66.7,50,79.4
pan,2020,71.8,95.8,64.3,72.2,50,76.5
png,2006,65.4,73.3,64.3,44.4,62.5,82.4
png,2008,65.4,73.3,64.3,44.4,62.5,82.4
png,2010,65.4,73.3,64.3,44.4,62.5,82.4
png,2011,63.2,73.3,64.3,33.3,62.5,82.4
png,2012,63.2,73.3,64.3,33.3,62.5,82.4
png,2013,63.6,73.3,60.7,38.9,62.5,82.4
png,2014,60.3,69.2,60.7,38.9,56.3,76.5
png,2015,60.3,69.2,60.7,38.9,56.3,76.5
png,2016,60.3,69.2,60.7,38.9,56.3,76.5
png,2017,60.3,69.2,60.7,38.9,56.3,76.5
png,2018,60.3,69.2,60.7,38.9,56.3,76.5
png,2019,60.3,69.2,60.7,38.9,56.3,76.5
png,2020,61,69.2,60.7,33.3,62.5,79.4
pry,2006,61.6,79.2,50,50,43.8,85.3
pry,2008,64,83.3,60.7,50,43.8,82.4
pry,2010,64,83.3,60.7,50,43.8,82.4
pry,2011,64,83.3,60.7,50,43.8,82.4
pry,2012,62.6,83.3,53.6,50,43.8,82.4
pry,2013,62.6,83.3,53.6,50,43.8,82.4
pry,2014,62.6,83.3,53.6,50,43.8,82.4
pry,2015,63.3,83.3,57.1,50,43.8,82.4
pry,2016,62.7,83.3,57.1,50,43.8,79.4
pry,2017,63.1,87.5,60.7,50,43.8,73.5
pry,2018,62.4,87.5,57.1,50,43.8,73.5
pry,2019,62.4,87.5,57.1,50,43.8,73.5
pry,2020,61.8,87.5,57.1,50,43.8,70.6
per,2006,61.1,87.5,32.9,55.6,50,79.4
per,2008,63.1,87.5,42.9,55.6,50,79.4
per,2010,64,87.5,50,50,50,82.4
per,2011,65.9,91.7,50,55.6,50,82.4
per,2012,64.7,91.7,50,55.6,43.8,82.4
per,2013,65.4,91.7,50,50,50,85.3
per,2014,65.4,91.7,50,50,50,85.3
per,2015,65.8,91.7,50,61.1,43.8,82.4
per,2016,66.5,91.7,53.6,61.1,43.8,82.4
per,2017,64.9,91.7,53.6,55.6,50,73.5
per,2018,66,91.7,50,55.6,56.3,76.5
per,2019,66,91.7,50,55.6,56.3,76.5
per,2020,65.3,87.5,53.6,55.6,56.3,73.5
phl,2006,64.8,91.7,53.6,50,37.5,91.2
phl,2008,61.2,83.3,50,50,31.3,91.2
phl,2010,61.2,83.3,50,50,31.3,91.2
phl,2011,61.2,83.3,50,50,31.3,91.2
phl,2012,63,83.3,53.6,55.6,31.3,91.2
phl,2013,64.1,83.3,53.6,61.1,31.3,91.2
phl,2014,67.7,83.3,53.6,66.7,43.8,91.2
phl,2015,68.4,83.3,57.1,66.7,43.8,91.2
phl,2016,69.4,91.7,57.1,72.2,43.8,82.4
phl,2017,67.1,91.7,57.1,72.2,43.8,70.6
phl,2018,67.1,91.7,57.1,72.2,43.8,70.6
phl,2019,66.4,91.7,53.6,72.2,43.8,70.6
phl,2020,65.6,91.7,50,77.8,43.8,64.7
pol,2006,73,95.8,60.7,61.1,56.3,91.2
pol,2008,73,95.8,60.7,61.1,56.3,91.2
pol,2010,70.5,95.8,60.7,61.1,43.8,91.2
pol,2011,71.2,95.8,64.3,61.1,43.8,91.2
pol,2012,71.2,95.8,64.3,61.1,43.8,91.2
pol,2013,71.2,95.8,64.3,61.1,43.8,91.2
pol,2014,74.7,95.8,57.1,66.7,62.5,91.2
pol,2015,70.9,95.8,57.1,66.7,43.8,91.2
pol,2016,68.3,91.7,57.1,66.7,43.8,82.4
pol,2017,66.7,91.7,60.7,61.1,43.8,76.5
pol,2018,66.7,91.7,60.7,61.1,43.8,76.5
pol,2019,66.2,91.7,60.7,61.1,43.8,73.5
pol,2020,68.5,91.7,57.1,66.7,56.3,70.6
prt,2006,81.6,95.8,82.1,61.1,75,94.1
prt,2008,80.5,95.8,82.1,55.6,75,94.1
prt,2010,80.2,95.8,75,61.1,75,94.1
prt,2011,78.1,95.8,64.3,61.1,75,94.1
prt,2012,79.2,95.8,64.3,66.7,75,94.1
prt,2013,76.5,95.8,57.1,66.7,68.8,94.1
prt,2014,77.9,95.8,64.3,66.7,68.8,94.1
prt,2015,77.9,95.8,64.3,66.7,68.8,94.1
prt,2016,78.6,95.8,67.9,66.7,68.8,94.1
prt,2017,78.4,95.8,75,61.1,68.8,91.2
prt,2018,78.4,95.8,75,61.1,68.8,91.2
prt,2019,80.3,95.8,78.6,61.1,75,91.2
prt,2020,79,95.8,75,61.1,75,88.2
qat,2006,27.8,0,34.3,16.7,50,38.2
qat,2008,29.2,0,35.7,22.2,43.8,44.1
qat,2010,30.9,0,32.1,22.2,56.3,44.1
qat,2011,31.8,0,39.3,22.2,56.3,41.2
qat,2012,31.8,0,39.3,22.2,56.3,41.2
qat,2013,31.8,0,39.3,22.2,56.3,41.2
qat,2014,31.8,0,39.3,22.2,56.3,41.2
qat,2015,31.8,0,39.3,22.2,56.3,41.2
qat,2016,31.8,0,39.3,22.2,56.3,41.2
qat,2017,31.9,0,42.9,22.2,56.3,38.2
qat,2018,31.9,0,42.9,22.2,56.3,38.2
qat,2019,31.9,0,42.9,22.2,56.3,38.2
qat,2020,32.4,0,42.9,27.8,56.3,35.3
rou,2006,70.6,95.8,60.7,61.1,50,85.3
rou,2008,70.6,95.8,60.7,61.1,50,85.3
rou,2010,66,95.8,64.3,50,37.5,82.4
rou,2011,65.4,95.8,60.7,44.4,43.8,82.4
rou,2012,65.4,95.8,60.7,44.4,43.8,82.4
rou,2013,65.4,95.8,60.7,44.4,43.8,82.4
rou,2014,66.8,91.7,57.1,50,50,85.3
rou,2015,66.8,91.7,57.1,50,50,85.3
rou,2016,66.2,91.7,57.1,50,50,82.4
rou,2017,64.4,91.7,57.1,50,43.8,79.4
rou,2018,63.8,91.7,57.1,50,43.8,76.5
rou,2019,64.9,91.7,57.1,55.6,43.8,76.5
rou,2020,64,91.7,53.6,66.7,37.5,70.6
rus,2006,50.2,70,32.1,55.6,37.5,55.9
rus,2008,44.8,52.5,28.6,55.6,37.5,50
rus,2010,42.6,52.5,32.1,50,31.3,47.1
rus,2011,39.2,39.2,28.6,50,31.3,47.1
rus,2012,37.4,39.2,28.6,50,25,44.1
rus,2013,35.9,35,28.6,50,25,41.2
rus,2014,33.9,30.8,28.6,50,25,35.3
rus,2015,33.1,26.7,28.6,50,25,35.3
rus,2016,32.4,26.7,25,50,25,35.3
rus,2017,31.7,21.7,17.9,50,25,44.1
rus,2018,29.4,21.7,17.9,50,25,32.4
rus,2019,31.1,21.7,17.9,50,25,41.2
rus,2020,33.1,21.7,21.4,50,31.3,41.2
rwa,2006,38.2,30,35.7,22.2,50,52.9
rwa,2008,37.1,30,35.7,16.7,50,52.9
rwa,2010,32.5,8.3,46.4,16.7,50,41.2
rwa,2011,32.5,8.3,46.4,16.7,50,41.2
rwa,2012,33.6,8.3,46.4,22.2,50,41.2
rwa,2013,33.8,8.3,50,22.2,50,38.2
rwa,2014,32.5,8.3,50,22.2,43.8,38.2
rwa,2015,30.7,8.3,50,22.2,43.8,29.4
rwa,2016,30.7,8.3,50,22.2,43.8,29.4
rwa,2017,31.9,8.3,50,27.8,43.8,29.4
rwa,2018,33.5,16.7,50,27.8,43.8,29.4
rwa,2019,31.6,14.2,42.9,27.8,43.8,29.4
rwa,2020,31,14.2,42.9,27.8,43.8,26.5
sau,2006,19.2,0,23.6,11.1,43.8,17.6
sau,2008,19,0,28.6,11.1,37.5,17.6
sau,2010,18.4,0,28.6,11.1,37.5,14.7
sau,2011,17.7,0,28.6,11.1,31.3,17.6
sau,2012,17.1,0,28.6,11.1,31.3,14.7
sau,2013,18.2,0,28.6,16.7,31.3,14.7
sau,2014,18.2,0,28.6,16.7,31.3,14.7
sau,2015,19.3,0,28.6,22.2,31.3,14.7
sau,2016,19.3,0,28.6,22.2,31.3,14.7
sau,2017,19.3,0,28.6,22.2,31.3,14.7
sau,2018,19.3,0,28.6,22.2,31.3,14.7
sau,2019,19.3,0,28.6,22.2,31.3,14.7
sau,2020,20.8,0,35.7,22.2,31.3,14.7
sen,2006,53.7,70,50,33.3,56.3,58.8
sen,2008,53.7,70,50,33.3,56.3,58.8
sen,2010,52.7,70,42.9,38.9,50,61.8
sen,2011,55.1,70,42.9,44.4,56.3,61.8
sen,2012,60.9,79.2,57.1,44.4,56.3,67.6
sen,2013,61.5,79.2,57.1,44.4,56.3,70.6
sen,2014,61.5,79.2,57.1,44.4,56.3,70.6
sen,2015,60.8,79.2,53.6,44.4,56.3,70.6
sen,2016,62.1,79.2,53.6,44.4,62.5,70.6
sen,2017,61.5,75,60.7,44.4,62.5,64.7
sen,2018,61.5,75,60.7,44.4,62.5,64.7
sen,2019,58.1,60.8,60.7,44.4,62.5,61.8
sen,2020,56.7,60.8,57.1,44.4,62.5,58.8
srb,2006,66.2,91.7,53.6,50,56.3,79.4
srb,2008,64.9,91.7,50,50,56.3,76.5
srb,2010,63.3,91.7,46.4,61.1,43.8,73.5
srb,2011,63.3,91.7,46.4,61.1,43.8,73.5
srb,2012,63.3,91.7,46.4,61.1,43.8,73.5
srb,2013,66.7,91.7,57.1,61.1,50,73.5
srb,2014,67.1,91.7,53.6,66.7,50,73.5
srb,2015,67.1,91.7,53.6,66.7,50,73.5
srb,2016,65.7,87.5,53.6,66.7,50,70.6
srb,2017,64.1,82.5,53.6,61.1,50,73.5
srb,2018,64.1,82.5,53.6,61.1,50,73.5
srb,2019,64.1,82.5,53.6,61.1,50,73.5
srb,2020,62.2,82.5,53.6,66.7,37.5,70.6
sle,2006,35.7,52.5,22.1,22.2,37.5,44.1
sle,2008,41.1,65.8,15,27.8,50,47.1
sle,2010,45.1,70,18.6,27.8,56.3,52.9
sle,2011,45.1,70,18.6,27.8,56.3,52.9
sle,2012,47.1,70,22.1,27.8,62.5,52.9
sle,2013,46.4,70,18.6,27.8,62.5,52.9
sle,2014,45.6,70,15,27.8,62.5,52.9
sle,2015,45.5,65.8,18.6,27.8,62.5,52.9
sle,2016,45.5,65.8,18.6,27.8,62.5,52.9
sle,2017,46.6,65.8,18.6,33.3,62.5,52.9
sle,2018,46.6,65.8,18.6,33.3,62.5,52.9
sle,2019,48.6,65.8,28.6,33.3,62.5,52.9
sle,2020,48.6,65.8,28.6,33.3,62.5,52.9
sgp,2006,58.9,43.3,75,27.8,75,73.5
sgp,2008,58.9,43.3,75,27.8,75,73.5
sgp,2010,58.9,43.3,75,27.8,75,73.5
sgp,2011,58.9,43.3,75,27.8,75,73.5
sgp,2012,58.8,43.3,75,33.3,68.8,73.5
sgp,2013,59.2,43.3,71.4,38.9,68.8,73.5
sgp,2014,60.3,43.3,75,50,62.5,70.6
sgp,2015,61.4,43.3,75,55.6,62.5,70.6
sgp,2016,63.8,43.3,78.6,61.1,62.5,73.5
sgp,2017,63.2,43.3,78.6,61.1,62.5,70.6
sgp,2018,63.8,43.3,78.6,61.1,62.5,73.5
sgp,2019,60.2,39.2,78.6,50,62.5,70.6
sgp,2020,60.3,48.3,78.6,44.4,62.5,67.6
svk,2006,74,95.8,75,61.1,50,88.2
svk,2008,73.3,95.8,71.4,61.1,50,88.2
svk,2010,73.5,95.8,75,55.6,50,91.2
svk,2011,73.5,95.8,75,55.6,50,91.2
svk,2012,73.5,95.8,75,55.6,50,91.2
svk,2013,73.5,95.8,75,55.6,50,91.2
svk,2014,73.5,95.8,75,55.6,50,91.2
svk,2015,72.9,95.8,75,55.6,50,88.2
svk,2016,72.9,95.8,71.4,55.6,56.3,85.3
svk,2017,71.6,95.8,67.9,55.6,56.3,82.4
svk,2018,71,95.8,67.9,55.6,56.3,79.4
svk,2019,71.7,95.8,71.4,55.6,56.3,79.4
svk,2020,69.7,95.8,64.3,55.6,56.3,76.5
svn,2006,79.6,95.8,78.6,66.7,68.8,88.2
svn,2008,79.6,95.8,78.6,66.7,68.8,88.2
svn,2010,76.9,95.8,71.4,66.7,62.5,88.2
svn,2011,77.6,95.8,75,66.7,62.5,88.2
svn,2012,78.8,95.8,75,72.2,62.5,88.2
svn,2013,78.8,95.8,75,72.2,62.5,88.2
svn,2014,75.7,95.8,71.4,66.7,56.3,88.2
svn,2015,75.7,95.8,71.4,66.7,56.3,88.2
svn,2016,75.1,95.8,71.4,66.7,56.3,85.3
svn,2017,75,95.8,67.9,66.7,62.5,82.4
svn,2018,75,95.8,67.9,66.7,62.5,82.4
svn,2019,75,95.8,67.9,66.7,62.5,82.4
svn,2020,75.4,95.8,64.3,72.2,62.5,82.4
zaf,2006,79.1,87.5,78.6,72.2,68.8,88.2
zaf,2008,79.1,87.5,78.6,72.2,68.8,88.2
zaf,2010,77.9,87.5,82.1,72.2,62.5,85.3
zaf,2011,77.9,87.5,82.1,72.2,62.5,85.3
zaf,2012,77.9,87.5,82.1,72.2,62.5,85.3
zaf,2013,79,87.5,82.1,77.8,62.5,85.3
zaf,2014,78.2,83.3,82.1,77.8,62.5,85.3
zaf,2015,75.6,83.3,82.1,83.3,50,79.4
zaf,2016,74.1,79.2,78.6,83.3,50,79.4
zaf,2017,72.4,74.2,75,83.3,50,79.4
zaf,2018,72.4,74.2,75,83.3,50,79.4
zaf,2019,72.4,74.2,75,83.3,50,79.4
zaf,2020,70.5,74.2,71.4,83.3,50,73.5
kor,2006,78.8,95.8,71.4,72.2,75,79.4
kor,2008,80.1,95.8,75,72.2,75,82.4
kor,2010,81.1,91.7,78.6,72.2,75,88.2
kor,2011,80.6,91.7,78.6,72.2,75,85.3
kor,2012,81.3,91.7,82.1,72.2,75,85.3
kor,2013,80.6,91.7,78.6,72.2,75,85.3
kor,2014,80.6,91.7,78.6,72.2,75,85.3
kor,2015,79.7,87.5,78.6,72.2,75,85.3
kor,2016,79.2,91.7,75,72.2,75,82.4
kor,2017,80,91.7,78.6,72.2,75,82.4
kor,2018,80,91.7,78.6,72.2,75,82.4
kor,2019,80,91.7,78.6,72.2,75,82.4
kor,2020,80.1,91.7,82.1,72.2,75,79.4
esp,2006,83.4,95.8,78.6,61.1,87.5,94.1
esp,2008,84.5,95.8,78.6,66.7,87.5,94.1
esp,2010,81.6,95.8,82.1,61.1,75,94.1
esp,2011,80.2,95.8,75,61.1,75,94.1
esp,2012,80.2,95.8,75,61.1,75,94.1
esp,2013,80.2,95.8,75,61.1,75,94.1
esp,2014,80.5,95.8,71.4,72.2,68.8,94.1
esp,2015,83,95.8,71.4,72.2,81.3,94.1
esp,2016,83,95.8,71.4,72.2,81.3,94.1
esp,2017,80.8,91.7,71.4,77.8,75,88.2
esp,2018,80.8,91.7,71.4,77.8,75,88.2
esp,2019,82.9,95.8,71.4,77.8,81.3,88.2
esp,2020,81.2,95.8,71.4,72.2,81.3,85.3
lka,2006,65.8,69.2,50,55.6,75,79.4
lka,2008,66.1,74.2,46.4,55.6,75,79.4
lka,2010,66.4,70,60.7,50,68.8,82.4
lka,2011,65.8,70,60.7,50,68.8,79.4
lka,2012,57.5,61.7,53.6,44.4,68.8,58.8
lka,2013,56.9,61.7,53.6,44.4,68.8,55.9
lka,2014,56.9,61.7,53.6,44.4,68.8,55.9
lka,2015,64.2,78.3,67.9,50,68.8,55.9
lka,2016,64.8,78.3,67.9,50,68.8,58.8
lka,2017,64.8,78.3,71.4,50,62.5,61.8
lka,2018,61.9,78.3,57.1,50,62.5,61.8
lka,2019,62.7,70,60.7,55.6,62.5,64.7
lka,2020,61.4,70,57.1,55.6,62.5,61.8
sdn,2006,29,22.5,23.6,16.7,50,32.4
sdn,2008,28.1,13.3,25,16.7,50,35.3
sdn,2010,24.2,0,14.3,33.3,50,23.5
sdn,2011,23.8,0,17.9,33.3,50,17.6
sdn,2012,23.8,0,17.9,33.3,50,17.6
sdn,2013,25.4,0,17.9,44.4,50,14.7
sdn,2014,25.4,0,17.9,44.4,50,14.7
sdn,2015,23.7,0,17.9,38.9,50,11.8
sdn,2016,23.7,0,17.9,38.9,50,11.8
sdn,2017,21.5,0,17.9,27.8,50,11.8
sdn,2018,21.5,0,17.9,27.8,50,11.8
sdn,2019,27,0,17.9,55.6,50,11.8
sdn,2020,25.4,0,17.9,44.4,50,14.7
sur,2006,65.2,91.7,60.7,44.4,50,79.4
sur,2008,65.8,91.7,60.7,44.4,50,82.4
sur,2010,66.5,91.7,64.3,44.4,50,82.4
sur,2011,66.5,91.7,64.3,44.4,50,82.4
sur,2012,66.5,91.7,64.3,44.4,50,82.4
sur,2013,67.7,91.7,64.3,50,50,82.4
sur,2014,67.7,91.7,64.3,50,50,82.4
sur,2015,67.7,91.7,64.3,50,50,82.4
sur,2016,67.7,91.7,64.3,50,50,82.4
sur,2017,67.6,91.7,64.3,55.6,50,76.5
sur,2018,69.8,91.7,64.3,66.7,50,76.5
sur,2019,69.8,91.7,64.3,66.7,50,76.5
sur,2020,68.2,95.8,60.7,61.1,50,73.5
swz,2006,29.3,17.5,28.6,22.2,31.3,47.1
swz,2008,30.4,13.3,28.6,22.2,43.8,44.1
swz,2010,29,9.2,28.6,22.2,43.8,41.2
swz,2011,32.6,9.2,28.6,27.8,56.3,41.2
swz,2012,32,9.2,28.6,27.8,56.3,38.2
swz,2013,32,9.2,28.6,27.8,56.3,38.2
swz,2014,30.9,9.2,28.6,22.2,56.3,38.2
swz,2015,30.9,9.2,28.6,22.2,56.3,38.2
swz,2016,30.3,9.2,28.6,22.2,56.3,35.3
swz,2017,30.3,9.2,28.6,22.2,56.3,35.3
swz,2018,30.3,9.2,28.6,22.2,56.3,35.3
swz,2019,31.4,9.2,28.6,27.8,56.3,35.3
swz,2020,30.8,9.2,28.6,27.8,56.3,32.4
swe,2006,98.8,100,100,100,93.8,100
swe,2008,98.8,100,100,100,93.8,100
swe,2010,95,95.8,96.4,88.9,93.8,100
swe,2011,95,95.8,96.4,88.9,93.8,100
swe,2012,97.3,95.8,96.4,94.4,100,100
swe,2013,97.3,95.8,96.4,94.4,100,100
swe,2014,97.3,95.8,96.4,94.4,100,100
swe,2015,94.5,95.8,96.4,83.3,100,97.1
swe,2016,93.9,95.8,96.4,83.3,100,94.1
swe,2017,93.9,95.8,96.4,83.3,100,94.1
swe,2018,93.9,95.8,96.4,83.3,100,94.1
swe,2019,93.9,95.8,96.4,83.3,100,94.1
swe,2020,92.6,95.8,92.9,83.3,100,91.2
che,2006,90.2,95.8,92.9,77.8,87.5,97.1
che,2008,91.5,95.8,92.9,77.8,93.8,97.1
che,2010,90.9,95.8,92.9,77.8,93.8,94.1
che,2011,90.9,95.8,92.9,77.8,93.8,94.1
che,2012,90.9,95.8,92.9,77.8,93.8,94.1
che,2013,90.9,95.8,92.9,77.8,93.8,94.1
che,2014,90.9,95.8,92.9,77.8,93.8,94.1
che,2015,90.9,95.8,92.9,77.8,93.8,94.1
che,2016,90.9,95.8,92.9,77.8,93.8,94.1
che,2017,90.3,95.8,92.9,77.8,93.8,91.2
che,2018,90.3,95.8,92.9,77.8,93.8,91.2
che,2019,90.3,95.8,92.9,77.8,93.8,91.2
che,2020,88.3,95.8,85.7,77.8,93.8,88.2
syr,2006,23.6,0,17.9,16.7,68.8,14.7
syr,2008,21.8,0,21.4,16.7,56.3,14.7
syr,2010,23.1,0,25,16.7,56.3,17.6
syr,2011,19.9,0,17.9,22.2,56.3,2.9
syr,2012,16.3,0,3.6,27.8,50,0
syr,2013,18.6,0,3.6,33.3,56.3,0
syr,2014,17.4,0,3.6,33.3,50,0
syr,2015,14.3,0,0,27.8,43.8,0
syr,2016,14.3,0,0,27.8,43.8,0
syr,2017,14.3,0,0,27.8,43.8,0
syr,2018,14.3,0,0,27.8,43.8,0
syr,2019,14.3,0,0,27.8,43.8,0
syr,2020,14.3,0,0,27.8,43.8,0
twn,2006,78.2,95.8,75,66.7,56.3,97.1
twn,2008,78.2,95.8,75,66.7,56.3,97.1
twn,2010,75.2,95.8,71.4,55.6,56.3,97.1
twn,2011,74.6,95.8,71.4,55.6,56.3,94.1
twn,2012,75.7,95.8,71.4,61.1,56.3,94.1
twn,2013,75.7,95.8,71.4,61.1,56.3,94.1
twn,2014,76.5,95.8,75,61.1,56.3,94.1
twn,2015,78.3,95.8,78.6,66.7,56.3,94.1
twn,2016,77.9,95.8,82.1,61.1,56.3,94.1
twn,2017,77.3,95.8,82.1,61.1,56.3,91.2
twn,2018,77.3,95.8,82.1,61.1,56.3,91.2
twn,2019,77.3,95.8,82.1,61.1,56.3,91.2
twn,2020,89.4,100,96.4,72.2,81.3,97.1
tjk,2006,24.5,18.3,7.9,22.2,62.5,11.8
tjk,2008,24.5,18.3,7.9,22.2,62.5,11.8
tjk,2010,25.1,18.3,7.9,22.2,62.5,14.7
tjk,2011,25.1,18.3,7.9,22.2,62.5,14.7
tjk,2012,25.1,18.3,7.9,22.2,62.5,14.7
tjk,2013,25.1,18.3,7.9,22.2,62.5,14.7
tjk,2014,23.7,18.3,0.7,22.2,62.5,14.7
tjk,2015,19.5,5.8,0.7,16.7,62.5,11.8
tjk,2016,18.9,5.8,0.7,16.7,62.5,8.8
tjk,2017,19.3,0.8,7.9,16.7,62.5,8.8
tjk,2018,19.3,0.8,7.9,16.7,62.5,8.8
tjk,2019,19.3,0.8,7.9,16.7,62.5,8.8
tjk,2020,19.4,0,22.1,22.2,43.8,8.8
tza,2006,51.8,60,39.3,50.6,56.3,52.9
tza,2008,52.8,65,39.3,50.6,56.3,52.9
tza,2010,56.4,74.2,42.9,55.6,56.3,52.9
tza,2011,56.4,74.2,42.9,55.6,56.3,52.9
tza,2012,58.8,74.2,46.4,61.1,56.3,55.9
tza,2013,57.7,74.2,46.4,55.6,56.3,55.9
tza,2014,57.7,74.2,46.4,55.6,56.3,55.9
tza,2015,55.8,70,50,50,56.3,52.9
tza,2016,57.6,70,50,55.6,62.5,50
tza,2017,54.7,70,50,50,56.3,47.1
tza,2018,54.1,70,50,50,56.3,44.1
tza,2019,51.6,57.5,50,50,56.3,44.1
tza,2020,51,48.3,50,50,62.5,44.1
tha,2006,56.7,48.3,64.3,50,56.3,64.7
tha,2008,68.1,77.5,67.9,55.6,68.8,70.6
tha,2010,65.5,78.3,60.7,55.6,62.5,70.6
tha,2011,65.5,78.3,60.7,55.6,62.5,70.6
tha,2012,65.5,78.3,60.7,55.6,62.5,70.6
tha,2013,62.5,78.3,60.7,55.6,50,67.6
tha,2014,53.9,53.3,42.9,55.6,50,67.6
tha,2015,50.9,45,39.3,55.6,50,64.7
tha,2016,49.2,45,39.3,50,50,61.8
tha,2017,46.3,30,42.9,50,50,58.8
tha,2018,46.3,30,42.9,50,50,58.8
tha,2019,63.2,74.2,53.6,61.1,62.5,64.7
tha,2020,60.4,70,50,66.7,62.5,52.9
tls,2006,64.1,70,55.7,50,62.5,82.4
tls,2008,72.2,86.7,67.9,55.6,68.8,82.4
tls,2010,72.2,86.7,67.9,55.6,68.8,82.4
tls,2011,72.2,86.7,67.9,55.6,68.8,82.4
tls,2012,71.6,86.7,67.9,55.6,68.8,79.4
tls,2013,72.4,86.7,71.4,55.6,68.8,79.4
tls,2014,72.4,86.7,71.4,55.6,68.8,79.4
tls,2015,72.4,86.7,71.4,55.6,68.8,79.4
tls,2016,72.4,86.7,71.4,55.6,68.8,79.4
tls,2017,71.9,90.8,67.9,55.6,68.8,76.5
tls,2018,71.9,90.8,67.9,55.6,68.8,76.5
tls,2019,71.9,95.8,62.9,55.6,68.8,76.5
tls,2020,70.6,95.8,59.3,55.6,68.8,73.5
tgo,2006,17.5,0,7.9,5.6,56.3,17.6
tgo,2008,24.3,21.7,4.3,16.7,43.8,35.3
tgo,2010,34.5,40,7.9,33.3,50,41.2
tgo,2011,34.5,40,7.9,33.3,50,41.2
tgo,2012,34.5,40,7.9,33.3,50,41.2
tgo,2013,34.5,40,7.9,33.3,50,41.2
tgo,2014,34.5,40,7.9,33.3,50,41.2
tgo,2015,34.1,40,11.4,27.8,50,41.2
tgo,2016,33.2,35.8,11.4,27.8,50,41.2
tgo,2017,30.5,31.7,7.9,27.8,50,35.3
tgo,2018,31,31.7,7.9,33.3,50,32.4
tgo,2019,33,31.7,17.9,33.3,50,32.4
tgo,2020,28,9.2,17.9,33.3,50,29.4
tto,2006,71.8,91.7,67.9,61.1,56.3,82.4
tto,2008,72.1,95.8,67.9,61.1,56.3,79.4
tto,2010,71.6,95.8,71.4,61.1,50,79.4
tto,2011,71.6,95.8,71.4,61.1,50,79.4
tto,2012,69.9,95.8,71.4,50,50,82.4
tto,2013,69.9,95.8,71.4,50,50,82.4
tto,2014,69.9,95.8,71.4,50,50,82.4
tto,2015,71,95.8,71.4,55.6,50,82.4
tto,2016,71,95.8,71.4,55.6,50,82.4
tto,2017,70.4,95.8,71.4,55.6,50,79.4
tto,2018,71.6,95.8,71.4,61.1,56.3,73.5
tto,2019,71.6,95.8,71.4,61.1,56.3,73.5
tto,2020,71.6,95.8,71.4,61.1,56.3,73.5
tun,2006,30.6,0,23.6,22.2,68.8,38.2
tun,2008,29.6,0,28.6,27.8,56.3,35.3
tun,2010,27.9,0,28.6,22.2,56.3,32.4
tun,2011,55.3,53.3,50,66.7,62.5,44.1
tun,2012,56.7,57.5,50,66.7,62.5,47.1
tun,2013,57.6,61.7,50,66.7,62.5,47.1
tun,2014,63.1,70,60.7,72.2,62.5,50
tun,2015,67.2,70,60.7,77.8,68.8,58.8
tun,2016,64,60,60.7,77.8,62.5,58.8
tun,2017,63.2,60,57.1,77.8,62.5,58.8
tun,2018,64.1,64.2,57.1,77.8,62.5,58.8
tun,2019,67.2,91.7,57.1,72.2,56.3,58.8
tun,2020,65.9,91.7,53.6,72.2,56.3,55.9
tur,2006,57,79.2,67.9,44.4,37.5,55.9
tur,2008,56.9,79.2,60.7,44.4,50,50
tur,2010,57.3,79.2,71.4,38.9,50,47.1
tur,2011,57.3,79.2,71.4,38.9,50,47.1
tur,2012,57.6,79.2,67.9,50,50,41.2
tur,2013,56.3,79.2,64.3,50,50,38.2
tur,2014,51.2,66.7,53.6,44.4,56.3,35.3
tur,2015,51.2,66.7,53.6,50,56.3,29.4
tur,2016,50.4,58.3,60.7,50,56.3,26.5
tur,2017,48.8,53.3,60.7,50,56.3,23.5
tur,2018,43.7,45,50,50,50,23.5
tur,2019,40.9,30.8,50,50,50,23.5
tur,2020,44.8,35,53.6,55.6,56.3,23.5
tkm,2006,18.3,0,7.9,27.8,50,5.9
tkm,2008,17.2,0,7.9,22.2,50,5.9
tkm,2010,17.2,0,7.9,22.2,50,5.9
tkm,2011,17.2,0,7.9,22.2,50,5.9
tkm,2012,17.2,0,7.9,22.2,50,5.9
tkm,2013,17.2,0,7.9,22.2,50,5.9
tkm,2014,18.3,0,7.9,27.8,50,5.9
tkm,2015,18.3,0,7.9,27.8,50,5.9
tkm,2016,18.3,0,7.9,27.8,50,5.9
tkm,2017,17.2,0,7.9,22.2,50,5.9
tkm,2018,17.2,0,7.9,22.2,50,5.9
tkm,2019,17.2,0,7.9,22.2,50,5.9
tkm,2020,17.2,0,7.9,22.2,50,5.9
uga,2006,51.4,43.3,39.3,44.4,62.5,67.6
uga,2008,50.3,43.3,39.3,38.9,62.5,67.6
uga,2010,50.5,52.5,32.1,50,56.3,61.8
uga,2011,51.3,56.7,28.6,50,62.5,58.8
uga,2012,51.6,56.7,35.7,44.4,62.5,58.8
uga,2013,52.2,56.7,35.7,44.4,62.5,61.8
uga,2014,52.2,56.7,35.7,44.4,62.5,61.8
uga,2015,52.2,56.7,35.7,44.4,62.5,61.8
uga,2016,52.6,52.5,35.7,44.4,68.8,61.8
uga,2017,50.9,52.5,35.7,38.9,68.8,58.8
uga,2018,52,52.5,35.7,44.4,68.8,58.8
uga,2019,50.2,43.3,35.7,44.4,68.8,58.8
uga,2020,49.4,43.3,32.1,50,68.8,52.9
ukr,2006,69.4,95.8,57.1,55.6,56.3,82.4
ukr,2008,69.4,95.8,53.6,55.6,62.5,79.4
ukr,2010,63,91.7,50,50,43.8,79.4
ukr,2011,59.4,83.3,46.4,50,43.8,73.5
ukr,2012,59.1,79.2,46.4,55.6,43.8,70.6
ukr,2013,58.4,79.2,42.9,55.6,43.8,70.6
ukr,2014,54.2,58.3,39.3,55.6,50,67.6
ukr,2015,57,58.3,39.3,66.7,50,70.6
ukr,2016,57,58.3,39.3,66.7,50,70.6
ukr,2017,56.9,61.7,32.1,66.7,62.5,61.8
ukr,2018,56.9,61.7,32.1,66.7,62.5,61.8
ukr,2019,59,74.2,27.1,66.7,62.5,64.7
are,2006,24.2,0,30.7,11.1,50,29.4
are,2008,26,0,39.3,11.1,50,29.4
are,2010,25.2,0,35.7,11.1,50,29.4
are,2011,25.8,0,35.7,11.1,50,32.4
are,2012,25.8,0,35.7,11.1,50,32.4
are,2013,25.2,0,35.7,11.1,50,29.4
are,2014,26.4,0,35.7,16.7,50,29.4
are,2015,27.5,0,35.7,22.2,50,29.4
are,2016,27.5,0,35.7,22.2,50,29.4
are,2017,26.9,0,35.7,22.2,50,26.5
are,2018,27.6,0,39.3,22.2,50,26.5
are,2019,27.6,0,39.3,22.2,50,26.5
are,2020,27,0,39.3,22.2,50,23.5
gbr,2006,80.8,95.8,85.7,50,81.3,91.2
gbr,2008,81.5,95.8,85.7,50,87.5,88.2
gbr,2010,81.6,95.8,78.6,61.1,81.3,91.2
gbr,2011,81.6,95.8,78.6,61.1,81.3,91.2
gbr,2012,82.1,95.8,75,61.1,87.5,91.2
gbr,2013,83.1,95.8,71.4,66.7,87.5,94.1
gbr,2014,83.1,95.8,71.4,66.7,87.5,94.1
gbr,2015,83.1,95.8,71.4,66.7,87.5,94.1
gbr,2016,83.6,95.8,71.4,72.2,87.5,91.2
gbr,2017,85.3,95.8,75,83.3,81.3,91.2
gbr,2018,85.3,95.8,75,83.3,81.3,91.2
gbr,2019,85.2,95.8,75,88.9,75,91.2
gbr,2020,85.4,100,75,88.9,75,88.2
usa,2006,82.2,87.5,78.6,72.2,87.5,85.3
usa,2008,82.2,87.5,78.6,72.2,87.5,85.3
usa,2010,81.8,91.7,78.6,72.2,81.3,85.3
usa,2011,81.1,91.7,75,72.2,81.3,85.3
usa,2012,81.1,91.7,75,72.2,81.3,85.3
usa,2013,81.1,91.7,75,72.2,81.3,85.3
usa,2014,81.1,91.7,75,72.2,81.3,85.3
usa,2015,80.5,91.7,75,72.2,81.3,82.4
usa,2016,79.8,91.7,71.4,72.2,81.3,82.4
usa,2017,79.8,91.7,71.4,72.2,81.3,82.4
usa,2018,79.6,91.7,71.4,77.8,75,82.4
usa,2019,79.6,91.7,71.4,77.8,75,82.4
usa,2020,79.2,91.7,67.9,88.9,62.5,85.3
ury,2006,79.6,100,82.1,50,68.8,97.1
ury,2008,80.8,100,82.1,50,75,97.1
ury,2010,81,100,85.7,44.4,75,100
ury,2011,81.7,100,89.3,44.4,75,100
ury,2012,81.7,100,89.3,44.4,75,100
ury,2013,81.7,100,89.3,44.4,75,100
ury,2014,81.7,100,89.3,44.4,75,100
ury,2015,81.7,100,89.3,44.4,75,100
ury,2016,81.7,100,89.3,44.4,75,100
ury,2017,81.2,100,89.3,44.4,75,97.1
ury,2018,83.8,100,85.7,61.1,75,97.1
ury,2019,83.8,100,85.7,61.1,75,97.1
ury,2020,86.1,100,85.7,66.7,81.3,97.1
uzb,2006,18.5,0.8,7.9,27.8,50,5.9
uzb,2008,17.4,0.8,7.9,22.2,50,5.9
uzb,2010,17.4,0.8,7.9,22.2,50,5.9
uzb,2011,17.4,0.8,7.9,22.2,50,5.9
uzb,2012,17.2,0.8,7.9,27.8,43.8,5.9
uzb,2013,17.2,0.8,7.9,27.8,43.8,5.9
uzb,2014,24.5,0.8,25.7,27.8,62.5,5.9
uzb,2015,19.5,0.8,18.6,22.2,50,5.9
uzb,2016,19.5,0.8,18.6,22.2,50,5.9
uzb,2017,19.5,0.8,18.6,22.2,50,5.9
uzb,2018,20.1,0.8,18.6,22.2,50,8.8
uzb,2019,20.1,0.8,18.6,22.2,50,8.8
uzb,2020,21.2,0.8,18.6,27.8,50,8.8
ven,2006,54.2,70,36.4,55.6,50,58.8
ven,2008,53.4,65.8,42.9,55.6,43.8,58.8
ven,2010,51.8,61.7,39.3,55.6,43.8,58.8
ven,2011,50.8,56.7,39.3,55.6,43.8,58.8
ven,2012,51.5,56.7,42.9,55.6,43.8,58.8
ven,2013,50.7,52.5,42.9,55.6,43.8,58.8
ven,2014,50.7,52.5,42.9,55.6,43.8,58.8
ven,2015,50,60.8,39.3,50,43.8,55.9
ven,2016,46.8,56.7,25,55.6,43.8,52.9
ven,2017,38.7,21.7,28.6,61.1,43.8,38.2
ven,2018,31.6,16.7,17.9,44.4,43.8,35.3
ven,2019,28.8,0,17.9,50,43.8,32.4
ven,2020,27.6,0,17.9,50,43.8,26.5
vnm,2006,27.5,8.3,42.9,27.8,43.8,14.7
vnm,2008,25.3,8.3,42.9,16.7,43.8,14.7
vnm,2010,29.4,0,42.9,33.3,56.3,14.7
vnm,2011,29.6,0,42.9,27.8,62.5,14.7
vnm,2012,28.9,0,39.3,27.8,62.5,14.7
vnm,2013,32.9,0,39.3,38.9,68.8,17.6
vnm,2014,34.1,0,39.3,38.9,68.8,23.5
vnm,2015,35.3,0,39.3,38.9,68.8,29.4
vnm,2016,33.8,0,32.1,38.9,68.8,29.4
vnm,2017,30.8,0,32.1,38.9,56.3,26.5
vnm,2018,30.8,0,32.1,38.9,56.3,26.5
vnm,2019,30.8,0,32.1,38.9,56.3,26.5
vnm,2020,29.4,0,28.6,38.9,56.3,23.5
yem,2006,29.8,26.7,27.1,27.8,43.8,23.5
yem,2008,29.5,21.7,25,33.3,50,17.6
yem,2010,26.4,13.3,17.9,38.9,50,11.8
yem,2011,25.7,21.7,3.6,44.4,50,8.8
yem,2012,31.2,30,14.3,50,50,11.8
yem,2013,27.9,13.3,14.3,50,50,11.8
yem,2014,27.9,13.3,14.3,50,50,11.8
yem,2015,22.4,5,3.6,44.4,50,8.8
yem,2016,20.7,0,0,44.4,50,8.8
yem,2017,20.7,0,0,44.4,50,8.8
yem,2018,19.5,0,0,38.9,50,8.8
yem,2019,19.5,0,0,38.9,50,8.8
yem,2020,19.5,0,0,38.9,50,8.8
zmb,2006,52.5,52.5,46.4,33.3,62.5,67.6
zmb,2008,52.5,52.5,46.4,33.3,62.5,67.6
zmb,2010,56.8,61.7,53.6,38.9,56.3,73.5
zmb,2011,61.9,79.2,50,44.4,62.5,73.5
zmb,2012,62.6,79.2,53.6,44.4,62.5,73.5
zmb,2013,62.6,79.2,53.6,44.4,62.5,73.5
zmb,2014,63.9,79.2,53.6,44.4,68.8,73.5
zmb,2015,62.8,79.2,53.6,38.9,68.8,73.5
zmb,2016,59.9,70.8,53.6,38.9,68.8,67.6
zmb,2017,56.8,61.7,50,38.9,68.8,64.7
zmb,2018,56.1,61.7,46.4,38.9,68.8,64.7
zmb,2019,50.9,47.5,29.3,44.4,68.8,64.7
zmb,2020,48.6,47.5,29.3,38.9,68.8,58.8
zwe,2006,26.2,1.7,7.9,38.9,56.3,26.5
zwe,2008,25.3,0,7.9,38.9,56.3,23.5
zwe,2010,26.4,0,12.9,33.3,56.3,29.4
zwe,2011,26.8,0,12.9,38.9,50,32.4
zwe,2012,26.7,5,12.9,33.3,50,32.4
zwe,2013,26.7,5,12.9,33.3,50,32.4
zwe,2014,27.8,5,12.9,38.9,50,32.4
zwe,2015,30.5,5,20,38.9,56.3,32.4
zwe,2016,30.5,5,20,38.9,56.3,32.4
zwe,2017,31.6,5,20,44.4,56.3,32.4
zwe,2018,31.6,5,20,44.4,56.3,32.4
zwe,2019,31.6,0,25,44.4,56.3,32.4
zwe,2020,31.6,0,25,44.4,56.3,32.4
