LOCATION,TIME,Value_MLN_USD,Value_USD_CAP,
alb,1997,8555.927,2726.202207,
alb,1998,9451.507,3030.63647,
alb,1999,10792.634,3482.728286,
alb,2000,11926.2,3874.176721,
alb,2001,13157.36,4299.547816,
alb,2002,14221.925,4661.382534,
alb,2003,15198.213,5000.043736,
alb,2004,16429.396,5427.726023,
alb,2005,17663.352,5865.325526,
alb,2006,19650.703,6566.547913,
alb,2007,21631.653,7283.343247,
alb,2008,24251.628,8228.383017,
alb,2009,25800.372,8813.050063,
alb,2010,28048.719,9628.739118,
alb,2011,29655.634,10207.794705,
alb,2012,30530.351,10526.251582,
alb,2013,30604.055,10571.013068,
alb,2014,32529.2,11259.269313,
alb,2015,33585.664,11658.842853,
alb,2016,34740.026,12078.86146,
alb,2017,36696.921,12771.000645,
alb,2018,38690.94,13498.208259,
alb,2019,39952.812,13997.946197,
alb,2020,37836.489,13332.805644,
arg,2004,470169.433,12299.728803,
arg,2005,527729.109,13674.572695,
arg,2006,587451.577,15074.069861,
arg,2007,657569.211,16708.232833,
arg,2008,697557.859,17550.391451,
arg,2009,661275.817,16476.698479,
arg,2010,736718.361,18061.934358,
arg,2011,797263.882,19322.22713,
arg,2012,819697.902,19641.352863,
arg,2013,849616,20131.680421,
arg,2014,839896.688,19683.771502,
arg,2015,867176.759,20105.198994,
arg,2016,885227.529,20307.870053,
arg,2017,1039330.592,23597.117759,
arg,2018,1036428.172,23293.398637,
arg,2019,1033557.798,22999.275057,
arg,2020,942157.353,null,
aus,1960,25073.26,2412.764873,
aus,1961,25364.881,2383.322879,
aus,1962,27955.357,2577.466847,
aus,1963,30432.979,2752.750121,
aus,1964,32745.289,2902.84077,
aus,1965,34542.337,3002.269627,
aus,1966,38344.554,3275.956286,
aus,1967,41068.684,3447.600076,
aus,1968,46560.927,3833.569009,
aus,1969,52215.402,4208.470157,
aus,1970,58858.348,4647.884995,
aus,1971,64135.621,4859.355514,
aus,1972,69807.498,5205.906397,
aus,1973,78843.21,5791.18689,
aus,1974,86323.114,6240.836577,
aus,1975,96857.536,6933.807827,
aus,1976,104288.925,7391.079675,
aus,1977,110276.099,7721.586926,
aus,1978,123342.206,8547.13182,
aus,1979,137980.996,9449.147412,
aus,1980,155037.413,10470.286937,
aus,1981,178292.325,11947.245259,
aus,1982,181931.974,11981.66345,
aus,1983,196533.518,12767.30554,
aus,1984,211772.911,13593.136482,
aus,1985,228924.227,14499.612185,
aus,1986,240015.947,14983.765347,
aus,1987,260935.759,16043.861476,
aus,1988,282917.818,17113.13789,
aus,1989,299621.594,17819.344946,
aus,1990,304183.457,17824.885721,
aus,1991,313970.385,18165.377494,
aus,1992,334473.269,19136.159001,
aus,1993,355559.8,20162.394808,
aus,1994,380993.407,21397.512383,
aus,1995,403410.089,22405.572327,
aus,1996,424062.042,23268.405809,
aus,1997,450299.854,24442.265328,
aus,1998,477686.538,25671.582448,
aus,1999,510213.964,27121.296361,
aus,2000,538603.652,28304.656736,
aus,2001,569787.095,29561.398865,
aus,2002,600460.974,30800.452131,
aus,2003,638022.66,32352.941829,
aus,2004,676954.659,33962.015143,
aus,2005,719149.954,35642.418706,
aus,2006,774966.901,37893.838998,
aus,2007,825988.747,39658.373846,
aus,2008,852201.51,40105.110301,
aus,2009,903166.382,41636.496066,
aus,2010,943179.751,42809.92706,
aus,2011,992556.359,44429.559507,
aus,2012,997622.794,43883.378891,
aus,2013,1104642.029,47761.901259,
aus,2014,1117534.426,47603.880878,
aus,2015,1124892.295,47232.62912,
aus,2016,1213189.412,50150.652199,
aus,2017,1247296.036,50699.175108,
aus,2018,1323601.791,52980.734327,
aus,2019,1335998.074,52669.473903,
aus,2020,1429458.63,55635.462558,
aus,2021,1586289.004,61631.9388,
aut,1970,28577.921,3827.4696,
aut,1971,31561.883,4207.954197,
aut,1972,34970.238,4635.794493,
aut,1973,38689.323,5100.415556,
aut,1974,43833.971,5768.748958,
aut,1975,47720.619,6296.822115,
aut,1976,52651.247,6959.364576,
aut,1977,58763.524,7764.295103,
aut,1978,62764.355,8299.632824,
aut,1979,71612.672,9485.84459,
aut,1980,79433.469,10521.779488,
aut,1981,86824.116,11471.454965,
aut,1982,94042.484,12416.259069,
aut,1983,100631.405,13307.67029,
aut,1984,104315.35,13795.709885,
aut,1985,110303.201,14580.758004,
aut,1986,115114.232,15207.04947,
aut,1987,119561.715,15784.587381,
aut,1988,127858.773,16856.088262,
aut,1989,138036.086,18116.00377,
aut,1990,149426.332,19462.00202,
aut,1991,159796.186,20605.858411,
aut,1992,166859.41,21281.163537,
aut,1993,171714.41,21720.516419,
aut,1994,179594.108,22629.969517,
aut,1995,188252.033,23684.631137,
aut,1996,195424.463,24553.847293,
aut,1997,202601.148,25426.720108,
aut,1998,212781.09,26675.030467,
aut,1999,220639.939,27606.484243,
aut,2000,235347.82,29376.007114,
aut,2001,238878.519,29702.787329,
aut,2002,251984.784,31178.051444,
aut,2003,261057.076,32156.836376,
aut,2004,275998.472,33784.254235,
aut,2005,288086.722,35024.557484,
aut,2006,311414.93,37665.32274,
aut,2007,327096.286,39432.047401,
aut,2008,343812.976,41316.022642,
aut,2009,341392.998,40927.134687,
aut,2010,351341.77,42021.154209,
aut,2011,373031.477,44469.209642,
aut,2012,391635.176,46477.655075,
aut,2013,406370.245,47936.677963,
aut,2014,417059.519,48813.534409,
aut,2015,430975.924,49942.056293,
aut,2016,460282.647,52665.087457,
aut,2017,476590.588,54188.360666,
aut,2018,503557.209,56978.264771,
aut,2019,515713.228,58091.272285,
aut,2020,496544.035,55686.067736,
aut,2021,522437.517,58338.848817,
bel,1970,37289.172,3874.078284,
bel,1971,40649.836,4207.946256,
bel,1972,44635.79,4603.427342,
bel,1973,49964.28,5137.625399,
bel,1974,56747.551,5817.200595,
bel,1975,61181.064,6254.392799,
bel,1976,68196.836,6960.228896,
bel,1977,72887.694,7430.650778,
bel,1978,80231.592,8172.679401,
bel,1979,88922.155,9051.485878,
bel,1980,101297.641,10300.72909,
bel,1981,110572.894,11235.921327,
bel,1982,118102.924,11991.353912,
bel,1983,123111.483,12493.55416,
bel,1984,130698.926,13262.194417,
bel,1985,137059.36,13904.774282,
bel,1986,142368.179,14440.427947,
bel,1987,149253.827,15121.968238,
bel,1988,161816.877,16338.53763,
bel,1989,173994.436,17504.470426,
bel,1990,186170.871,18676.853014,
bel,1991,195994.783,19587.725699,
bel,1992,203529.702,20257.758736,
bel,1993,206349.944,20459.046642,
bel,1994,217557.44,21506.271256,
bel,1995,227416.409,22434.291135,
bel,1996,230946.081,22737.627302,
bel,1997,241624.086,23732.844169,
bel,1998,248636.249,24368.935554,
bel,1999,260168.781,25441.891387,
bel,2000,284826.571,27785.247413,
bel,2001,296130.583,28786.875003,
bel,2002,312900.475,30281.667989,
bel,2003,320963.526,30933.261931,
bel,2004,334133.78,32063.504441,
bel,2005,347658.439,33176.680884,
bel,2006,371912.513,35259.055109,
bel,2007,390932.181,36790.154396,
bel,2008,405729.43,37883.233422,
bel,2009,407562.442,37751.245094,
bel,2010,434081.06,39838.570162,
bel,2011,451932.625,40943.343479,
bel,2012,469720.336,42290.477674,
bel,2013,487343.796,43672.712292,
bel,2014,503619.623,44929.933328,
bel,2015,520877.807,46201.685891,
bel,2016,550677.566,48599.202676,
bel,2017,573788.528,50442.947518,
bel,2018,600323.292,52535.511671,
bel,2019,623602.985,54278.264883,
bel,2020,612655.559,53071.34083,
bel,2021,682884.413,58925.223286,
bgr,1995,65053.552,7738.881004,
bgr,1996,57259.837,6846.948294,
bgr,1997,47798.112,5750.447674,
bgr,1998,51007.985,6177.704637,
bgr,1999,47685.843,5807.821986,
bgr,2000,52468.821,6421.997158,
bgr,2001,55735.482,7043.265766,
bgr,2002,61023.358,7755.004951,
bgr,2003,65444.769,8365.091352,
bgr,2004,71006.671,9125.459624,
bgr,2005,78822.132,10183.869594,
bgr,2006,86713.017,11262.864295,
bgr,2007,96666.061,12619.979057,
bgr,2008,107411.69,14089.744766,
bgr,2009,105571.004,13918.151682,
bgr,2010,110612.416,14681.201597,
bgr,2011,115715.049,15747.126258,
bgr,2012,119289.523,16327.860944,
bgr,2013,120943.013,16647.088576,
bgr,2014,127263.542,17616.923077,
bgr,2015,132016.425,18391.834891,
bgr,2016,143086.786,20074.406431,
bgr,2017,151920.581,21470.001359,
bgr,2018,161688.343,23016.014654,
bgr,2019,170888.635,24497.491636,
bgr,2020,170328.984,24564.265224,
bgr,2021,184243.571,26743.19788,
bra,1995,1310047.926,null,
bra,1996,1363501.491,null,
bra,1997,1434999.66,null,
bra,1998,1456057.184,null,
bra,1999,1483991.6,null,
bra,2000,1583738.375,9114.216086,
bra,2001,1640971.6,9312.662215,
bra,2002,1717826.876,9623.720143,
bra,2003,1769689.978,9793.072855,
bra,2004,1922011.56,10510.546622,
bra,2005,2045343.569,11056.440519,
bra,2006,2190728.409,11711.266725,
bra,2007,2386123.99,12622.438913,
bra,2008,2556455.423,13383.86344,
bra,2009,2572703.676,13331.389838,
bra,2010,2798617.943,14359.937144,
bra,2011,2970630.763,15109.737403,
bra,2012,2998534.425,15120.063649,
bra,2013,3133893.65,15669.140139,
bra,2014,3187155.079,15800.088894,
bra,2015,3014754.849,14816.290598,
bra,2016,2939094.21,14326.10209,
bra,2017,3018705.989,14596.889676,
bra,2018,3146320.981,15090.63762,
bra,2019,3239834.409,15416.981836,
can,1961,44376.883,null,
can,1962,48656.247,null,
can,1963,52000.483,null,
can,1964,56477.8,null,
can,1965,61893.966,null,
can,1966,68329.4,null,
can,1967,72469.718,null,
can,1968,80115.42,null,
can,1969,88783.769,null,
can,1970,99531.471,4590.894787,
can,1971,108728.861,4950.765082,
can,1972,119678.511,5386.444197,
can,1973,134865.972,5996.234615,
can,1974,151824.296,6656.633762,
can,1975,168311.191,7272.57446,
can,1976,188012.922,8017.674279,
can,1977,206560.673,8706.146837,
can,1978,229233.664,9566.069449,
can,1979,257465.225,10638.380124,
can,1980,286773.326,11697.55349,
can,1981,324813.802,13086.821695,
can,1982,333889.388,13293.393286,
can,1983,355992.913,14034.005498,
can,1984,390628.604,15254.727065,
can,1985,422072.898,16332.753021,
can,1986,439808.702,16850.728641,
can,1987,469040.522,17735.380147,
can,1988,507000.423,18923.753758,
can,1989,539084.222,19763.483902,
can,1990,560184.877,20229.752821,
can,1991,567047.864,20224.680598,
can,1992,585191.62,20626.208981,
can,1993,615002.847,21440.052546,
can,1994,656367.112,22632.831273,
can,1995,688183.628,23485.643444,
can,1996,712130.958,24050.176142,
can,1997,755416.033,25259.725362,
can,1998,793682.05,26319.930258,
can,1999,846421.343,27841.629576,
can,2000,901003.29,29362.289573,
can,2001,937793.044,30231.005032,
can,2002,971009.088,30963.222007,
can,2003,1023686.549,32350.070882,
can,2004,1083615.23,33925.89256,
can,2005,1171340.162,36327.662059,
can,2006,1241618.911,38120.176792,
can,2007,1301593.852,39575.324973,
can,2008,1342396.613,40376.330167,
can,2009,1307000.658,38865.406022,
can,2010,1363578.975,40099.497886,
can,2011,1430807.125,41666.718851,
can,2012,1468094.965,42290.879082,
can,2013,1554122.745,44298.514462,
can,2014,1621396.709,45753.782936,
can,2015,1594850.842,44670.054374,
can,2016,1678093.396,46472.368771,
can,2017,1765763.154,48317.191163,
can,2018,1849252.231,49892.028612,
can,2019,1853244.739,49286.811601,
can,2020,1771474.029,46572.141022,
can,2021,1989623.608,52021.596768,
che,1970,46165.339,7366.417513,
che,1971,50482.353,7958.382636,
che,1972,54350.114,8490.389088,
che,1973,59076.9,9171.805232,
che,1974,65329.91,10113.001637,
che,1975,66182.348,10335.305919,
che,1976,68844.508,10870.220325,
che,1977,74901.609,11858.23009,
che,1978,80498.021,12711.750005,
che,1979,89348.603,14068.785055,
che,1980,101902.755,15959.138587,
che,1981,113331.15,17627.654208,
che,1982,118757.391,18362.925463,
che,1983,124197.543,19160.447719,
che,1984,132549.454,20376.085794,
che,1985,141764.58,21698.701179,
che,1986,147307.527,22411.197982,
che,1987,153343.444,23167.119819,
che,1988,163955.778,24575.41688,
che,1989,177762.37,26440.764461,
che,1990,191193.223,28132.04439,
che,1991,195848.726,28466.020466,
che,1992,200224.343,28837.909228,
che,1993,204712.111,29291.210462,
che,1994,211738.437,30089.937536,
che,1995,217217.91,30594.678443,
che,1996,223004.403,31267.730109,
che,1997,232310.94,32477.540139,
che,1998,241065.459,33589.659906,
che,1999,248739.984,34476.513265,
che,2000,264184.257,36426.125454,
che,2001,273987.599,37591.821675,
che,2002,282753.058,38519.185231,
che,2003,285053.342,38551.705241,
che,2004,298070.887,40044.485897,
che,2005,310493.747,41467.497321,
che,2006,348024.929,46191.595599,
che,2007,386678.284,50866.412763,
che,2008,413714.827,53784.37338,
che,2009,413164.465,53111.530359,
che,2010,429262.295,54767.96782,
che,2011,458820.075,57987.486864,
che,2012,479280.805,59933.617056,
che,2013,503360.433,62225.11235,
che,2014,524917.015,64103.009758,
che,2015,546805.519,66020.20952,
che,2016,570267.342,68105.138178,
che,2017,584052.298,69103.567686,
che,2018,610138.727,71660.23286,
che,2019,617711.279,72033.948683,
che,2020,619632.541,71731.951611,
che,2021,672543.589,77235.961977,
chl,1986,41544.065,3372.769238,
chl,1987,45378.646,3620.786371,
chl,1988,50414.136,3954.628308,
chl,1989,57923.108,4468.18377,
chl,1990,62313.285,4728.303832,
chl,1991,69554.828,5182.14693,
chl,1992,79874.497,5845.085096,
chl,1993,87480.306,6289.713197,
chl,1994,94448.494,6673.999618,
chl,1995,106677.05,7410.732555,
chl,1996,116683.584,7994.488169,
chl,1997,127512.263,8617.978383,
chl,1998,134523.911,8970.265917,
chl,1999,135857.47,8939.630558,
chl,2000,146336.49,9503.736999,
chl,2001,154575.763,9926.72421,
chl,2002,161862.285,10279.853422,
chl,2003,171809.557,10792.410791,
chl,2004,189140.716,11755.132133,
chl,2005,206274.403,12667.853587,
chl,2006,257648.251,15685.218973,
chl,2007,280051.852,16872.268785,
chl,2008,275716.447,16447.33384,
chl,2009,272874.1,16119.89398,
chl,2010,309886.434,18159.394407,
chl,2011,350575.242,20318.373134,
chl,2012,374241.572,21457.821435,
chl,2013,394291.936,22386.669709,
chl,2014,404667.282,22748.686364,
chl,2015,407878.248,22694.196094,
chl,2016,426776.809,23482.692919,
chl,2017,451984.54,24525.456347,
chl,2018,481604.385,25679.541086,
chl,2019,481296.363,25189.926179,
chl,2020,480011.058,24689.386781,
chn,1970,85438.304,102.947639,
chn,1971,96121.086,112.779789,
chn,1972,104113.203,119.427375,
chn,1973,118354.979,132.668593,
chn,1974,132018.289,145.300179,
chn,1975,156802.363,169.662804,
chn,1976,162850.677,173.768556,
chn,1977,186073.132,195.920075,
chn,1978,222390.403,231.033361,
chn,1979,259127.527,265.657385,
chn,1980,304664.757,308.661929,
chn,1981,350540.055,350.287848,
chn,1982,405764.455,399.162311,
chn,1983,467064.854,453.425806,
chn,1984,557434.947,534.161529,
chn,1985,652298.419,616.242094,
chn,1986,724984.616,674.360382,
chn,1987,829519.043,758.937825,
chn,1988,955150.422,860.294365,
chn,1989,1034355.175,917.762612,
chn,1990,1114611.112,974.881366,
chn,1991,1259036.404,1087.034876,
chn,1992,1470902.298,1255.346714,
chn,1993,1714824.875,1446.902027,
chn,1994,1979779.681,1651.881252,
chn,1995,2242703.31,1851.622188,
chn,1996,2510373.124,2051.142769,
chn,1997,2791286.356,2257.847343,
chn,1998,3044172.204,2440.003049,
chn,1999,3324726.539,2643.161035,
chn,2000,3687630.036,2909.533494,
chn,2001,4082649.601,3198.891771,
chn,2002,4526019.906,3523.483224,
chn,2003,5072832.62,3925.520688,
chn,2004,5736266.277,4412.919867,
chn,2005,6588930.105,5039.103449,
chn,2006,7651865.385,5821.210961,
chn,2007,8975591.932,6793.052193,
chn,2008,10033233.895,7555.032225,
chn,2009,11059906.363,8287.678054,
chn,2010,12378809.289,9231.648126,
chn,2011,13844365.747,10261.470654,
chn,2012,15124539.502,11127.3668,
chn,2013,16185062.522,11837.589428,
chn,2014,17121277.096,12438.630325,
chn,2015,17796747.039,12865.800384,
chn,2016,18712097.153,13439.508987,
chn,2017,19887035.113,14203.909059,
chn,2018,21739076.019,15468.138137,
chn,2019,23547025.985,16699.070964,
chn,2020,24274126.016,17189.846483,
cmr,1993,21104.315,1640.571751,
cmr,1994,21211.055,1603.133195,
cmr,1995,22630.972,1664.042036,
cmr,1996,24016.715,1719.040521,
cmr,1997,25552.929,1781.43676,
cmr,1998,27061.636,1837.926899,
cmr,1999,29650.523,1961.921693,
cmr,2000,31475.087,2028.818273,
cmr,2001,33556.388,2106.622395,
cmr,2002,35613.262,2177.115933,
cmr,2003,38252.746,2276.813654,
cmr,2004,42051.567,2436.50079,
cmr,2005,44327.659,2499.727032,
cmr,2006,47408.908,2601.454551,
cmr,2007,50789.219,2711.65079,
cmr,2008,53251.583,2765.884931,
cmr,2009,55041.509,2781.278889,
cmr,2010,57297.141,2816.830105,
cmr,2011,60470.66,2892.502629,
cmr,2012,63568.301,2958.729392,
cmr,2013,69098.828,3129.90117,
cmr,2014,75134.547,3312.518595,
cmr,2015,79112.64,3395.683762,
cmr,2016,84392.895,3527.098888,
cmr,2017,90037.542,3665.128295,
cmr,2018,95846.284,3801.01061,
cmr,2019,100947.459,3901.200305,
cmr,2020,102628.408,3866.05922,
col,1975,33205.665,null,
col,1976,36659.912,null,
col,1977,40569.6,null,
col,1978,47117.338,null,
col,1979,53797.652,null,
col,1980,61095.046,null,
col,1981,68528.285,null,
col,1982,73582.395,null,
col,1983,77772.817,null,
col,1984,83008.015,null,
col,1985,88220.892,2946.479628,
col,1986,95189.785,3114.74057,
col,1987,103009.869,3301.632913,
col,1988,111458.759,3499.371851,
col,1989,119941.139,3689.148781,
col,1990,165700.635,4994.610583,
col,1991,176082.271,5200.78712,
col,1992,187881.644,5441.441062,
col,1993,203347.607,5777.756783,
col,1994,219336.691,6122.683411,
col,1995,235861.379,6475.32925,
col,1996,243994.265,6593.758186,
col,1997,256130.449,6820.034253,
col,1998,260578.396,6841.299649,
col,1999,250618.738,6489.336268,
col,2000,262804.16,6709.482677,
col,2001,273074.932,6883.218978,
col,2002,284339.865,7077.150872,
col,2003,300969.204,7398.391242,
col,2004,325554.521,7905.061738,
col,2005,351494.949,8431.955633,
col,2006,386455.856,9160.70697,
col,2007,423576.909,9922.22572,
col,2008,445994.474,10324.87588,
col,2009,454515.97,10399.468562,
col,2010,480479.224,10866.058552,
col,2011,524596.546,11726.775903,
col,2012,548251.361,12115.059684,
col,2013,585888.316,12799.508325,
col,2014,618792.732,13365.993539,
col,2015,624119.465,13330.562044,
col,2016,665398.39,14054.69606,
col,2017,693117.075,14479.812544,
col,2018,747103.675,15439.041412,
col,2019,788974.84,16130.847299,
col,2020,756550.625,15306.341722,
col,2021,866075.719,17341.848136,
cri,1991,17225.593,5557.82789,
cri,1992,19245.156,6073.686378,
cri,1993,21110.501,6518.413515,
cri,1994,22538.086,6760.64364,
cri,1995,23970.119,6986.959286,
cri,1996,24699.364,7021.197198,
cri,1997,26518.347,7346.205543,
cri,1998,28681.659,7757.412262,
cri,1999,30220.968,7980.035267,
cri,2000,32084.564,8290.944819,
cri,2001,33921.231,8581.04504,
cri,2002,35611.118,8850.95266,
cri,2003,37813.018,9263.621127,
cri,2004,40514.992,9768.125917,
cri,2005,43403.854,10299.326434,
cri,2006,47971.068,11205.664332,
cri,2007,53297.55,12278.747842,
cri,2008,56911.82,12926.352146,
cri,2009,56779.592,12701.994593,
cri,2010,60553.221,13318.135538,
cri,2011,64567.752,14068.154868,
cri,2012,69073.803,14852.929898,
cri,2013,73210.057,15542.368395,
cri,2014,79269.13,16615.974075,
cri,2015,85240.084,17649.314854,
cri,2016,93454.856,19119.336147,
cri,2017,100716.907,20368.230268,
cri,2018,106583.345,21312.71338,
cri,2019,114238.632,22598.071946,
cri,2020,113312.463,22180.99204,
cri,2021,120187.712,23287.453499,
cyp,1995,11121.422,17087.534484,
cyp,1996,11450.68,17315.409536,
cyp,1997,11926.607,17781.002461,
cyp,1998,12738.022,18758.591988,
cyp,1999,13502.068,19662.252008,
cyp,2000,14774.829,21289.378812,
cyp,2001,16038.642,22863.352124,
cyp,2002,16716.202,23556.886678,
cyp,2003,17440.271,24279.689974,
cyp,2004,18887.266,25944.759614,
cyp,2005,20504.268,27763.246925,
cyp,2006,22540.412,30015.26308,
cyp,2007,25224.294,32881.596176,
cyp,2008,27398.731,34830.430393,
cyp,2009,27380.232,33884.958319,
cyp,2010,27723.085,33423.616475,
cyp,2011,28345.916,33313.607662,
cyp,2012,27503.286,31834.533143,
cyp,2013,26181.653,30375.29673,
cyp,2014,25643.585,30080.310197,
cyp,2015,26968.589,31815.186807,
cyp,2016,30417.049,35719.166224,
cyp,2017,32909.382,38288.138059,
cyp,2018,35289.393,40559.350212,
cyp,2019,37340.707,42338.707136,
cyp,2020,35317.357,39593.316631,
cyp,2021,38164.321,42388.31642,
cze,1990,131419.297,12681.906233,
cze,1991,120083.109,11648.735367,
cze,1992,122197.562,11843.365779,
cze,1993,125171.498,12116.567577,
cze,1994,131563.829,12728.49916,
cze,1995,143054.653,13847.448523,
cze,1996,151486.473,14685.534567,
cze,1997,152755.232,14825.362879,
cze,1998,154186.262,14976.893186,
cze,1999,158333.514,15397.922823,
cze,2000,166495.881,16207.917488,
cze,2001,180027.35,17607.978234,
cze,2002,186119.946,18245.669005,
cze,2003,199171.057,19523.414149,
cze,2004,213446.515,20911.935483,
cze,2005,225620.781,22045.99888,
cze,2006,244952.528,23859.060519,
cze,2007,270677.659,26221.622963,
cze,2008,290503.947,27853.549898,
cze,2009,289939.429,27635.671734,
cze,2010,292047.155,27768.403198,
cze,2011,304400.914,28999.754757,
cze,2012,307490.199,29258.904853,
cze,2013,324029.978,30828.526409,
cze,2014,342099.837,32504.217576,
cze,2015,357503.881,33909.309243,
cze,2016,381420.335,36101.285601,
cze,2017,411327.86,38842.896268,
cze,2018,437267.325,41149.033601,
cze,2019,457257.666,42857.229404,
cze,2020,445116.743,41599.093008,
cze,2021,473743.693,44287.528528,
deu,1970,314178.525,4043.013363,
deu,1971,340445.956,4345.47139,
deu,1972,370435.784,4706.038039,
deu,1973,409402.554,5185.198774,
deu,1974,450215.322,5700.443434,
deu,1975,487653.369,6198.011778,
deu,1976,539954.305,6894.471249,
deu,1977,592700.076,7582.678639,
deu,1978,653475.14,8369.088137,
deu,1979,737062.848,9436.941109,
deu,1980,814964.24,10407.829073,
deu,1981,896798.576,11436.13171,
deu,1982,948445.486,12107.557103,
deu,1983,1001091.648,12814.465165,
deu,1984,1066487.926,13699.970788,
deu,1985,1125827.345,14495.382199,
deu,1986,1174770.485,15121.257373,
deu,1987,1220699.723,15706.782512,
deu,1988,1310609.469,16777.948781,
deu,1989,1415060.555,17985.695376,
deu,1990,1545176.048,19469.482986,
deu,1991,1679031.118,20994.974774,
deu,1992,1750319.652,21743.101272,
deu,1993,1774304.889,21919.61171,
deu,1994,1855539.542,22866.397307,
deu,1995,1923701.398,23659.435696,
deu,1996,1971846.13,24204.528643,
deu,1997,2015814.329,24730.883681,
deu,1998,2079491.968,25532.155882,
deu,1999,2158515.841,26510.228697,
deu,2000,2236073.528,27450.968334,
deu,2001,2336146.279,28658.393694,
deu,2002,2406900.908,29504.28924,
deu,2003,2468444.55,30269.46437,
deu,2004,2585551.491,31741.694797,
deu,2005,2622039.802,32236.740986,
deu,2006,2814006.759,34666.78278,
deu,2007,2985239.395,36858.447691,
deu,2008,3103958.247,38432.448211,
deu,2009,3015301.257,37465.070354,
deu,2010,3185430.743,39677.030829,
deu,2011,3415019.966,42541.513126,
deu,2012,3487234.448,43359.541048,
deu,2013,3628559.337,44993.667838,
deu,2014,3807114.521,47011.280402,
deu,2015,3889081.896,47609.557159,
deu,2016,4165169.905,50579.483717,
deu,2017,4386729.188,53071.478374,
deu,2018,4579333.448,55235.247726,
deu,2019,4624364.577,55652.877823,
deu,2020,4560919.076,54844.447231,
deu,2021,4815481.574,57880.471333,
dew,1970,276730.633,4562.672226,
dew,1971,299905.269,4892.259126,
dew,1972,326366.453,5291.97128,
dew,1973,360571.134,5817.915555,
dew,1974,396464.788,6389.028716,
dew,1975,429433.161,6945.497442,
dew,1976,475429.982,7726.674065,
dew,1977,521828.014,8498.827583,
dew,1978,575265.783,9380.302036,
dew,1979,648588.426,10570.387816,
dew,1980,717053.748,11646.911416,
dew,1981,788133.178,12777.360948,
dew,1982,833736.023,13526.331536,
dew,1983,880268.751,14331.256216,
dew,1984,937246.114,15320.737463,
dew,1985,989736.455,16218.806613,
dew,1986,1032794.151,16912.75262,
dew,1987,1074006.333,17584.464408,
dew,1988,1152817.388,18760.250422,
dew,1989,1244310.092,20049.145093,
dew,1990,1358156.873,21471.478051,
dew,1991,1475016.799,23020.520005,
dnk,1966,16625.045,3478.770665,
dnk,1967,17777.523,3688.28276,
dnk,1968,19448.084,4005.784471,
dnk,1969,21893.14,4487.21877,
dnk,1970,20967.274,4246.106479,
dnk,1971,22692.146,4572.263935,
dnk,1972,24603.276,4928.54088,
dnk,1973,27013.688,5379.069668,
dnk,1974,29114.083,5770.878725,
dnk,1975,31347.437,6195.145717,
dnk,1976,35032.03,6905.584386,
dnk,1977,37904.61,7448.341531,
dnk,1978,41473.985,8124.18907,
dnk,1979,46652.707,9115.417471,
dnk,1980,50621.201,9879.235216,
dnk,1981,55041.945,10746.182238,
dnk,1982,60595.944,11839.770178,
dnk,1983,64604.087,12632.789811,
dnk,1984,69723.408,13641.832978,
dnk,1985,74808.208,14630.981494,
dnk,1986,80057.385,15636.207959,
dnk,1987,82245.644,16041.670369,
dnk,1988,85135.213,16595.558047,
dnk,1989,89043.625,17350.667402,
dnk,1990,93739.606,18237.277349,
dnk,1991,98260.22,19064.846763,
dnk,1992,102466.266,19815.561034,
dnk,1993,104906.274,20217.050295,
dnk,1994,112860.014,21678.834838,
dnk,1995,118715.16,22698.883331,
dnk,1996,124918.173,23739.675523,
dnk,1997,131746.381,24928.359728,
dnk,1998,136923.416,25819.991621,
dnk,1999,141846.299,26657.827372,
dnk,2000,153023.386,28666.801364,
dnk,2001,157748.156,29447.10764,
dnk,2002,164720.391,30639.953691,
dnk,2003,166139.58,30823.66973,
dnk,2004,178017.929,32947.978761,
dnk,2005,185074.466,34152.881663,
dnk,2006,202997.244,37336.259676,
dnk,2007,213029.943,39016.473111,
dnk,2008,226767.494,41282.995471,
dnk,2009,222754.194,40332.101078,
dnk,2010,238567.314,43008.349298,
dnk,2011,247352.237,44407.94207,
dnk,2012,250524.599,44808.549212,
dnk,2013,262368.12,46742.939663,
dnk,2014,270330.607,47905.477079,
dnk,2015,278748.365,49058.142344,
dnk,2016,297719.06,51967.020438,
dnk,2017,319130.165,55356.49009,
dnk,2018,333035.355,57479.350221,
dnk,2019,341312.248,58674.960996,
dnk,2020,351224.959,60244.418358,
dnk,2021,378644.907,64681.39855,
ea19,1995,6480935.592,20470.720354,
ea19,1996,6698627.705,21109.65731,
ea19,1997,6983537.851,21961.013543,
ea19,1998,7332107.975,23014.019133,
ea19,1999,7632229.845,23902.722599,
ea19,2000,8130881.38,25385.154482,
ea19,2001,8542496.519,26581.338123,
ea19,2002,8920888.458,27621.559109,
ea19,2003,9115910.932,28073.246811,
ea19,2004,9524851.546,29179.82608,
ea19,2005,9903083.56,30176.55626,
ea19,2006,10761974.549,32646.632798,
ea19,2007,11444538.264,34532.245199,
ea19,2008,11933269.757,35828.131768,
ea19,2009,11662945.069,34904.624764,
ea19,2010,12022714.664,35896.766868,
ea19,2011,12553314.591,37386.514433,
ea19,2012,12706461.061,37758.487373,
ea19,2013,13150058.549,39013.971589,
ea19,2014,13521507.022,40044.067945,
ea19,2015,13931870.824,41139.416807,
ea19,2016,14822256.34,43630.555481,
ea19,2017,15563212.578,45708.404179,
ea19,2018,16260726.643,47640.113713,
ea19,2019,16721553.44,48850.24792,
ea19,2020,16168507.147,47163.987725,
ea19,2021,17433306.895,50844.661893,
esp,1970,94930.894,2767.318181,
esp,1971,104380.635,3014.841481,
esp,1972,117767.235,3371.120003,
esp,1973,133895.614,3798.4462,
esp,1974,154144.797,4330.960848,
esp,1975,169335.803,4708.478848,
esp,1976,184557.403,5071.463476,
esp,1977,201588.948,5473.976045,
esp,1978,218925.064,5878.290259,
esp,1979,237186.807,6311.994782,
esp,1980,264324.111,6958.784148,
esp,1981,288951.569,7560.583317,
esp,1982,310627.958,8084.275028,
esp,1983,328508.428,8509.481478,
esp,1984,346434.41,8937.253743,
esp,1985,365686.801,9399.301384,
esp,1986,385187.935,9870.483403,
esp,1987,416608.109,10649.376396,
esp,1988,453275.639,11561.237707,
esp,1989,493783.13,12570.0709,
esp,1990,531637.891,13513.174189,
esp,1991,563609.859,14300.476741,
esp,1992,581810.53,14727.846791,
esp,1993,589457.829,14888.873603,
esp,1994,616393.173,15541.356553,
esp,1995,646671.73,16281.211493,
esp,1996,677134.824,16977.500528,
esp,1997,717538.264,17916.073162,
esp,1998,768132.944,19101.101187,
esp,1999,805891.27,19962.792109,
esp,2000,875627.231,21591.430573,
esp,2001,937483.141,22996.663676,
esp,2002,1009753.34,24376.32871,
esp,2003,1056636.911,25041.025848,
esp,2004,1122134.155,26181.890036,
esp,2005,1205129.038,27600.937175,
esp,2006,1363895.333,30745.701401,
esp,2007,1468493.342,32462.931726,
esp,2008,1528583.756,33242.245427,
esp,2009,1487897.443,32089.196919,
esp,2010,1475681.862,31692.507932,
esp,2011,1489594.952,31872.363088,
esp,2012,1483646.902,31724.631513,
esp,2013,1512074.431,32452.659676,
esp,2014,1558306.999,33544.352014,
esp,2015,1621069.826,34929.20969,
esp,2016,1733213.64,37313.634913,
esp,2017,1841779.72,39580.188366,
esp,2018,1904500.35,40756.445269,
esp,2019,1965293.108,41721.222195,
esp,2020,1788269.453,37764.086581,
esp,2021,1929759.658,40775.352596,
est,1993,8678.631,5742.493872,
est,1994,8718.373,5902.757516,
est,1995,9304.117,6425.051244,
est,1996,9753.166,6843.366619,
est,1997,11167.429,7942.694963,
est,1998,11713.825,8408.459543,
est,1999,11694.818,8479.421302,
est,2000,13161.409,9392.284689,
est,2001,14317.383,10280.30664,
est,2002,16087.747,11628.295949,
est,2003,18001.073,13089.785312,
est,2004,19806.496,14496.447163,
est,2005,22536.556,16584.411085,
est,2006,26054.463,19289.599916,
est,2007,29756.67,22158.515385,
est,2008,30488.762,22780.0071,
est,2009,27328.024,20459.70237,
est,2010,28785.782,21589.87597,
est,2011,32598.245,24515.48857,
est,2012,34384.891,25946.944889,
est,2013,36198.154,27418.689637,
est,2014,38050.086,28917.833656,
est,2015,38378.235,29222.748082,
est,2016,41201.029,31310.152103,
est,2017,44556.482,33867.803542,
est,2018,47920.841,36327.527923,
est,2019,50223.221,37909.467474,
est,2020,50048.508,37659.452305,
est,2021,56083.286,42185.012177,
eu27_2020,1995,7563216.769,17783.093571,
eu27_2020,1996,7829910.053,18385.3608,
eu27_2020,1997,8150515.79,19114.416035,
eu27_2020,1998,8546549.573,20020.706379,
eu27_2020,1999,8893550.734,20805.67354,
eu27_2020,2000,9473865.755,22119.007575,
eu27_2020,2001,9956402.677,23213.207042,
eu27_2020,2002,10418093.189,24244.427693,
eu27_2020,2003,10679744.301,24761.946508,
eu27_2020,2004,11221975.13,25925.765176,
eu27_2020,2005,11675844.148,26873.564252,
eu27_2020,2006,12723012.833,29191.698089,
eu27_2020,2007,13601655.888,31098.451794,
eu27_2020,2008,14287219.71,32556.901405,
eu27_2020,2009,14022814.729,31854.463629,
eu27_2020,2010,14508418.427,32901.777913,
eu27_2020,2011,15191412,34403.670293,
eu27_2020,2012,15420786.137,34870.628382,
eu27_2020,2013,15968862.608,36072.522324,
eu27_2020,2014,16446524.652,37103.856921,
eu27_2020,2015,16991677.859,38253.986254,
eu27_2020,2016,18078010.734,40607.677457,
eu27_2020,2017,19042150.725,42704.022281,
eu27_2020,2018,19952112.326,44665.466377,
eu27_2020,2019,20604428.772,46028.657508,
eu27_2020,2020,20076661.312,44808.658466,
eu27_2020,2021,21689160.863,48446.381967,
fin,1970,15574.744,3381.403455,
fin,1971,16749.947,3631.818431,
fin,1972,18825.704,4057.263847,
fin,1973,21244.132,4552.964453,
fin,1974,23905.273,5095.986638,
fin,1975,26590.955,5643.960445,
fin,1976,28150.973,5956.995417,
fin,1977,29971.711,6324.613492,
fin,1978,33016.508,6947.187336,
fin,1979,38302.241,8038.751799,
fin,1980,44012.691,9208.639178,
fin,1981,48811.19,10168.997861,
fin,1982,53437.701,11070.811632,
fin,1983,57261.402,11792.372337,
fin,1984,61248.057,12546.203572,
fin,1985,65427.364,13346.530929,
fin,1986,68584.254,13944.990809,
fin,1987,72792.607,14758.947993,
fin,1988,79291.971,16029.914228,
fin,1989,86592.323,17442.656295,
fin,1990,90435.894,18136.510019,
fin,1991,87990.843,17550.081359,
fin,1992,87031.011,17261.207964,
fin,1993,88504.141,17468.842064,
fin,1994,93976.444,18469.12411,
fin,1995,99992.995,19576.529082,
fin,1996,102913.375,20082.225846,
fin,1997,112020.107,21794.643081,
fin,1998,121503.758,23576.939571,
fin,1999,127934.786,24767.163974,
fin,2000,138643.273,26784.759711,
fin,2001,144204.244,27795.729376,
fin,2002,148763.802,28605.122922,
fin,2003,151445.864,29051.575674,
fin,2004,163128.113,31201.582428,
fin,2005,168146.753,32051.762889,
fin,2006,181449.857,34454.903347,
fin,2007,200116.371,37838.480369,
fin,2008,212980.742,40083.701943,
fin,2009,202729.066,37972.066456,
fin,2010,208937.272,38956.123401,
fin,2011,220471.171,40916.647325,
fin,2012,221285.636,40872.854802,
fin,2013,225679.983,41492.918416,
fin,2014,228058.636,41749.864733,
fin,2015,232867.602,42490.211049,
fin,2016,246928.493,44934.488245,
fin,2017,262026.563,47570.270354,
fin,2018,273463.021,49574.529811,
fin,2019,277855.685,50321.588834,
fin,2020,281659.079,50926.479352,
fin,2021,304830.101,54980.809323,
fra,1960,84286.645,1807.175059,
fra,1961,89236.064,1892.960772,
fra,1962,97734.662,2036.181205,
fra,1963,104468.637,2138.997489,
fra,1964,113249.46,2294.496424,
fra,1965,122389.747,2456.145844,
fra,1966,133414.117,2654.479048,
fra,1967,143803.056,2838.087508,
fra,1968,157794.703,3090.801782,
fra,1969,179129.265,3480.062658,
fra,1970,191756.906,3691.608377,
fra,1971,212189.359,4046.403619,
fra,1972,231348.238,4372.734001,
fra,1973,259508.269,4865.810449,
fra,1974,295026.222,5495.812795,
fra,1975,319259.13,5919.66049,
fra,1976,351504.033,6491.422419,
fra,1977,386278.087,7101.352822,
fra,1978,429897.451,7868.679785,
fra,1979,482091.618,8785.588876,
fra,1980,533937.836,9680.327711,
fra,1981,590707.787,10649.139839,
fra,1982,642917.228,11520.781791,
fra,1983,676389.129,12055.342986,
fra,1984,711399.288,12617.713198,
fra,1985,745806.445,13162.14187,
fra,1986,778608.861,13671.077224,
fra,1987,818302.82,14290.254083,
fra,1988,887350.185,15406.990059,
fra,1989,962193.763,16607.300266,
fra,1990,1027398.919,17635.933113,
fra,1991,1073276.222,18331.560797,
fra,1992,1115291.788,18954.975239,
fra,1993,1134550.308,19198.752995,
fra,1994,1186105.723,19996.724653,
fra,1995,1236488.777,20770.851286,
fra,1996,1275900.685,21356.84585,
fra,1997,1333842.277,22247.390158,
fra,1998,1405917.981,23363.433609,
fra,1999,1470523.886,24311.403864,
fra,2000,1589245.656,26094.702334,
fra,2001,1686718.071,27494.263406,
fra,2002,1762925.935,28528.156107,
fra,2003,1753605.21,28177.154488,
fra,2004,1822233.285,29065.049601,
fra,2005,1926880.385,30504.058784,
fra,2006,2065694.197,32474.873006,
fra,2007,2184318.553,34128.377616,
fra,2008,2259255.844,35102.870428,
fra,2009,2243914.623,34686.122294,
fra,2010,2334677.102,35912.031842,
fra,2011,2446474.544,37447.949543,
fra,2012,2474005.287,37684.198067,
fra,2013,2608523.504,39528.473644,
fra,2014,2662032.873,40144.059485,
fra,2015,2718495.127,40829.893311,
fra,2016,2864105.631,42855.944562,
fra,2017,2983010.673,44445.59677,
fra,2018,3125379.86,46336.933985,
fra,2019,3300063.768,48700.802342,
fra,2020,3176725.267,46713.800171,
fra,2021,3447940.359,50543.711372,
gbr,1960,114500.834,2186.298678,
gbr,1961,118722.123,2248.226997,
gbr,1962,122368.019,2296.179887,
gbr,1963,129722.616,2419.069763,
gbr,1964,138405.51,2563.492244,
gbr,1965,146426.639,2694.142395,
gbr,1966,154889.273,2834.567525,
gbr,1967,163586.747,2976.523362,
gbr,1968,180450.377,3268.199673,
gbr,1969,194511.307,3507.172729,
gbr,1970,202228.312,3635.1077,
gbr,1971,219926.419,3932.313316,
gbr,1972,239348.638,4266.692306,
gbr,1973,268935.093,4783.364329,
gbr,1974,285853.049,5083.097106,
gbr,1975,307727.858,5473.05265,
gbr,1976,334111.864,5943.358907,
gbr,1977,363593.32,6470.783414,
gbr,1978,405529.48,7218.652851,
gbr,1979,455639.211,8101.692948,
gbr,1980,486705.667,8640.256823,
gbr,1981,528561.681,9378.645108,
gbr,1982,572413.32,10168.824851,
gbr,1983,619946.542,11008.355388,
gbr,1984,656887.126,11645.076594,
gbr,1985,705766.233,12479.510434,
gbr,1986,742661.481,13101.783235,
gbr,1987,802066.24,14119.890156,
gbr,1988,877958.082,15425.505691,
gbr,1989,935894.541,16397.052074,
gbr,1990,978052.403,17087.466414,
gbr,1991,999973.83,17409.318226,
gbr,1992,1026864.467,17832.151894,
gbr,1993,1077377.85,18667.530404,
gbr,1994,1142705.325,19748.804476,
gbr,1995,1196202.857,20615.301291,
gbr,1996,1277866.403,21970.057138,
gbr,1997,1344182.431,23050.767067,
gbr,1998,1385180.593,23688.423991,
gbr,1999,1435578.566,24462.861538,
gbr,2000,1559014.234,26475.125389,
gbr,2001,1643949.868,27810.293295,
gbr,2002,1725433.293,29064.334681,
gbr,2003,1810619.051,30360.666209,
gbr,2004,1923116.372,32078.671762,
gbr,2005,1977979.631,32740.960237,
gbr,2006,2120242.756,34856.934524,
gbr,2007,2188924.97,35697.336383,
gbr,2008,2278426.918,36853.437474,
gbr,2009,2192899.406,35221.075895,
gbr,2010,2295779.345,36580.295495,
gbr,2011,2364569.348,37363.819988,
gbr,2012,2453352.31,38511.142147,
gbr,2013,2579158.897,40232.722312,
gbr,2014,2686204.365,41584.042063,
gbr,2015,2794323.894,42916.969653,
gbr,2016,2928594.414,44610.565649,
gbr,2017,3063307.239,46385.63354,
gbr,2018,3161748.301,47590.888987,
gbr,2019,3277751.042,49070.333125,
gbr,2020,3121069.61,46526.879586,
gbr,2021,3344467.717,49524.925097,
geo,2010,28642.759,7564.052398,
geo,2011,31404.993,8360.306333,
geo,2012,36640.15,9826.064193,
geo,2013,39450.982,10611.756551,
geo,2014,43054.384,11575.584149,
geo,2015,45035.513,12089.17496,
geo,2016,47930.085,12858.489885,
geo,2017,50662.562,13589.730377,
geo,2018,54391.263,14595.613876,
geo,2019,58120.644,15623.152943,
geo,2020,54844.549,14732.404129,
grc,1960,6847.866,null,
grc,1961,10059.651,null,
grc,1962,10327.582,null,
grc,1963,11720.06,null,
grc,1964,13052.841,null,
grc,1965,14862.216,null,
grc,1966,16379.735,null,
grc,1967,17805.334,null,
grc,1968,20016.157,null,
grc,1969,23485.907,null,
grc,1970,27516.913,3097.304744,
grc,1971,31178.826,3494.41036,
grc,1972,35831.362,3989.647471,
grc,1973,40853.389,4528.443223,
grc,1974,41662.719,4601.134185,
grc,1975,48420.06,5297.773377,
grc,1976,54585.084,5893.467406,
grc,1977,59681.747,6346.15807,
grc,1978,68508.938,7190.465963,
grc,1979,76627.897,7943.240375,
grc,1980,84115.493,8633.538759,
grc,1981,90644.039,9221.368947,
grc,1982,95154.159,9619.830053,
grc,1983,97814.592,9831.535575,
grc,1984,103381.04,10339.626695,
grc,1985,109326.862,10892.422978,
grc,1986,112105.94,11132.403422,
grc,1987,112283.166,11112.082116,
grc,1988,121228.245,11954.324264,
grc,1989,130768.081,12827.332812,
grc,1990,135663.162,13214.421156,
grc,1991,144598.75,13966.572918,
grc,1992,148929.284,14280.325643,
grc,1993,150020.063,14306.031463,
grc,1994,156288.1,14836.447029,
grc,1995,162915.729,15424.465022,
grc,1996,171283.928,16145.425367,
grc,1997,182903.742,17155.838072,
grc,1998,193331.548,18033.707135,
grc,1999,198711.939,18464.726453,
grc,2000,210888.227,19516.213938,
grc,2001,227613.636,20954.75757,
grc,2002,246559.281,22615.957435,
grc,2003,261143.664,23896.54916,
grc,2004,278923.01,25460.416248,
grc,2005,281028.396,25577.445437,
grc,2006,314621.908,28549.064285,
grc,2007,323944.179,29320.198062,
grc,2008,341817.829,30855.935774,
grc,2009,337199.628,30359.133791,
grc,2010,310431.181,27913.001545,
grc,2011,285079.561,25671.291223,
grc,2012,275143.683,24911.062614,
grc,2013,284949.076,25986.57671,
grc,2014,290011.379,26625.188631,
grc,2015,289570.644,26760.152201,
grc,2016,296466.614,27511.777671,
grc,2017,307636.013,28604.794575,
grc,2018,317881.481,29617.499309,
grc,2019,325467.101,30356.302549,
grc,2020,299066.319,27923.999993,
grc,2021,333749.345,31281.571731,
hkg,1990,104156.115,18260.188552,
hkg,1991,113818.212,19787.58909,
hkg,1992,123670.298,21318.789554,
hkg,1993,134452.389,22784.67866,
hkg,1994,145612.461,24127.996816,
hkg,1995,152194.762,24722.995697,
hkg,1996,161581.197,25105.841639,
hkg,1997,172857.976,26638.615506,
hkg,1998,164520.495,25140.662513,
hkg,1999,171079.409,25897.579372,
hkg,2000,188307.536,28253.193652,
hkg,2001,193517.268,28822.947231,
hkg,2002,199834.871,29631.505181,
hkg,2003,209766.878,31164.296236,
hkg,2004,234155.428,34515.8355,
hkg,2005,259287.931,38057.820499,
hkg,2006,285921.047,41697.688107,
hkg,2007,312582.459,45197.001021,
hkg,2008,325443.475,46772.56041,
hkg,2009,319860.37,45871.270654,
hkg,2010,345486.878,49186.628355,
hkg,2011,369685.332,52274.50957,
hkg,2012,373482.559,52235.322875,
hkg,2013,385448.332,53691.089574,
hkg,2014,396043.918,54785.436188,
hkg,2015,411294.477,56411.257311,
hkg,2016,419810.624,57218.294151,
hkg,2017,442387.688,59846.819225,
hkg,2018,465904.007,62529.057493,
hkg,2019,466255.342,62109.41012,
hkg,2020,443012.72,59210.467813,
hrv,1995,37310.553,8058.877346,
hrv,1996,40227.806,8815.865659,
hrv,1997,43347.271,9559.549571,
hrv,1998,44915.515,9907.896144,
hrv,1999,44947.066,9952.158416,
hrv,2000,47737.848,10709.012598,
hrv,2001,50115.129,11650.04551,
hrv,2002,54937.533,12759.989737,
hrv,2003,58879.606,13675.401991,
hrv,2004,63171.092,14664.858374,
hrv,2005,66534.426,15431.955855,
hrv,2006,75857.811,17588.674765,
hrv,2007,84020.101,19481.799391,
hrv,2008,90166.057,20915.921009,
hrv,2009,86747.454,20144.21214,
hrv,2010,85767.891,19962.957065,
hrv,2011,89956.387,21003.515428,
hrv,2012,91314.951,21389.933119,
hrv,2013,93970.749,22087.510184,
hrv,2014,94622.399,22337.347266,
hrv,2015,97948.831,23276.854884,
hrv,2016,105239.592,25222.547701,
hrv,2017,111998.148,27119.160852,
hrv,2018,118046.395,28856.061284,
hrv,2019,124168.376,30529.128409,
hrv,2020,116490.697,28782.607725,
hrv,2021,131533.781,33826.093806,
hun,1991,86315.336,8342.870257,
hun,1992,85577.251,8289.156414,
hun,1993,87101.019,8461.338569,
hun,1994,91582.813,8925.330134,
hun,1995,94895.967,9187.36458,
hun,1996,96407.059,9349.707514,
hun,1997,101102.387,9824.840849,
hun,1998,106752.844,10398.102143,
hun,1999,111315.201,10873.247873,
hun,2000,121032.463,11853.178571,
hun,2001,134556.711,13207.922179,
hun,2002,147567.884,14526.388251,
hun,2003,156818.837,15481.320097,
hun,2004,164463.538,16272.005789,
hun,2005,172611.896,17112.202187,
hun,2006,185206.556,18389.410347,
hun,2007,192063.906,19099.851672,
hun,2008,208070.456,20727.889969,
hun,2009,207767.369,20729.783943,
hun,2010,217518.84,21751.833925,
hun,2011,229736.704,23038.80802,
hun,2012,230898.726,23275.231857,
hun,2013,242941.598,24556.715269,
hun,2014,253565.767,25699.750577,
hun,2015,263858.068,26806.595306,
hun,2016,274278.758,27947.637585,
hun,2017,288755.964,29501.120486,
hun,2018,311968.304,31913.074632,
hun,2019,327479.222,33514.94177,
hun,2020,324429.847,33274.347589,
hun,2021,356862.736,36751.739602,
idn,1993,881693.304,4769.405956,
idn,1994,968419.976,5166.343607,
idn,1995,1070000.476,5629.584223,
idn,1996,1174778.169,6095.663993,
idn,1997,1251984.81,6406.73873,
idn,1998,1099882.399,5550.818261,
idn,1999,1124589.746,5597.288298,
idn,2000,1097928.464,5352.28964,
idn,2001,1162890.788,5584.096234,
idn,2002,1234436.591,5838.901329,
idn,2003,1317467.763,6138.338789,
idn,2004,1421001.335,6521.591489,
idn,2005,1548675.945,7001.130255,
idn,2006,1683312.047,7495.84456,
idn,2007,1838206.148,8063.035321,
idn,2008,1986656.18,8583.717617,
idn,2009,2052493.739,8735.401828,
idn,2010,2056981.02,8623.978571,
idn,2011,2229511.719,9213.212405,
idn,2012,2413435.226,9833.689555,
idn,2013,2535041.373,10188.331849,
idn,2014,2622251.601,10398.959732,
idn,2015,2647706.549,10364.397282,
idn,2016,2744896.64,10610.141435,
idn,2017,2894125.53,11050.882373,
idn,2018,3116958.911,null,
idn,2019,3331833.185,null,
idn,2020,3301775.405,null,
idn,2021,3581362.838,null,
ind,1970,152694.934,null,
ind,1971,163071.097,null,
ind,1972,169179.026,null,
ind,1973,184330.693,null,
ind,1974,203299.58,null,
ind,1975,242455.185,null,
ind,1976,260052.606,null,
ind,1977,296249.08,null,
ind,1978,335200.411,null,
ind,1979,343995.471,null,
ind,1980,400332.653,null,
ind,1981,464532.833,null,
ind,1982,510376.099,null,
ind,1983,569024.261,null,
ind,1984,612078.335,null,
ind,1985,664612.438,null,
ind,1986,710382.004,null,
ind,1987,756811.769,null,
ind,1988,858942.254,null,
ind,1989,945702.666,null,
ind,1990,1034732.404,null,
ind,1991,1081029.773,null,
ind,1992,1166282.432,null,
ind,1993,1250648.103,null,
ind,1994,1362412.819,null,
ind,1995,1496341.026,null,
ind,1996,1638773.027,null,
ind,1997,1735631.142,null,
ind,1998,1863712.79,null,
ind,1999,2057860.865,null,
ind,2000,2184673.041,null,
ind,2001,2340291.709,null,
ind,2002,2467741.847,null,
ind,2003,2711146.365,null,
ind,2004,3004720.21,2738.755724,
ind,2005,3341591.216,2998.992182,
ind,2006,3692995.148,3267.104456,
ind,2007,4117624.771,3591.547758,
ind,2008,4339909.751,3732.948767,
ind,2009,4700537.116,3987.849542,
ind,2010,5170042.862,4295.763975,
ind,2011,5618380.736,4605.230111,
ind,2012,6153155.414,4982.312076,
ind,2013,6477517.562,5177.871752,
ind,2014,6781021.981,5352.029977,
ind,2015,7159798.323,5580.513112,
ind,2016,7735001.686,5954.581745,
ind,2017,8276934.252,6299.036721,
ind,2018,9029375.941,6804.352631,
ind,2019,9562005.61,7130.50381,
irl,1970,7248.999,2457.287819,
irl,1971,7880.745,2646.321373,
irl,1972,8754.964,2895.16021,
irl,1973,9670.736,3147.001772,
irl,1974,10990.047,3517.940732,
irl,1975,12687.263,3993.472764,
irl,1976,13572.194,4204.521012,
irl,1977,15599.183,4767.476512,
irl,1978,17896.328,5400.219692,
irl,1979,19976.696,5931.322941,
irl,1980,22451.92,6601.56436,
irl,1981,25393.57,7375.419778,
irl,1982,27578.133,7924.750739,
irl,1983,28588.297,8156.432684,
irl,1984,30909.429,8758.693316,
irl,1985,32870.831,9282.923245,
irl,1986,33389.186,9426.647653,
irl,1987,35810.305,10107.339955,
irl,1988,39007.764,11047.228474,
irl,1989,42893.792,12220.453689,
irl,1990,48267.006,13766.972623,
irl,1991,50862.158,14424.888716,
irl,1992,53760.474,15122.496297,
irl,1993,56516.651,15813.276773,
irl,1994,61045.988,17023.421025,
irl,1995,68330.817,18973.930929,
irl,1996,74479.708,20539.893617,
irl,1997,83169.499,22697.240643,
irl,1998,93160.909,25082.584763,
irl,1999,101534.479,27041.622656,
irl,2000,114937.732,30212.996586,
irl,2001,125913.057,32587.805757,
irl,2002,138490.842,35222.881959,
irl,2003,145005.765,36278.795505,
irl,2004,157655.24,38761.397418,
irl,2005,168336.081,40465.540236,
irl,2006,189031.104,44271.383467,
irl,2007,205753.769,46760.275374,
irl,2008,198299.13,44105.305617,
irl,2009,188086.888,41436.633588,
irl,2010,197013.028,43206.800069,
irl,2011,206471.066,45095.364619,
irl,2012,213240.963,46382.554033,
irl,2013,221159.998,47869.694226,
irl,2014,238002.345,51156.23672,
irl,2015,324570.163,69119.645051,
irl,2016,339999.931,71594.095685,
irl,2017,373770.633,77831.992783,
irl,2018,411558.745,84671.527633,
irl,2019,431161.036,87506.778434,
irl,2020,465413.328,93450.374199,
irl,2021,535284.172,106659.463928,
isl,1970,786.776,3854.759857,
isl,1971,934.629,4535.010746,
isl,1972,1035.258,4946.879576,
isl,1973,1166.312,5492.040523,
isl,1974,1343.807,6240.85871,
isl,1975,1477.767,6777.783934,
isl,1976,1652.008,7504.588656,
isl,1977,1909.451,8607.995528,
isl,1978,2166.727,9690.757513,
isl,1979,2460.543,10899.462258,
isl,1980,2837.01,12434.247833,
isl,1981,3237.901,14028.853073,
isl,1982,3512.02,15008.826528,
isl,1983,3571.07,15065.199655,
isl,1984,3852.677,16086.46904,
isl,1985,4105.39,17006.37697,
isl,1986,4450.684,18299.830943,
isl,1987,4950.499,20127.088037,
isl,1988,5120.525,20491.52639,
isl,1989,5335.02,21108.226615,
isl,1990,5599.449,21976.893267,
isl,1991,5775.869,22390.127412,
isl,1992,5708.183,21861.807246,
isl,1993,5920.238,22443.591858,
isl,1994,6264.876,23551.632574,
isl,1995,6403.701,23948.020653,
isl,1996,6660.757,24770.386257,
isl,1997,7286.043,26895.693448,
isl,1998,7870.935,28747.024152,
isl,1999,8198.7,29576.841574,
isl,2000,8374.03,29779.622737,
isl,2001,9083.648,31861.268682,
isl,2002,9375.293,32598.376021,
isl,2003,9467.117,32724.220972,
isl,2004,10402.566,35552.174225,
isl,2005,11074.926,37427.934965,
isl,2006,12060.245,39632.74879,
isl,2007,12918.594,41485.528568,
isl,2008,13879.916,43456.216759,
isl,2009,13333.702,41772.249616,
isl,2010,12650.175,39780.425359,
isl,2011,13059.434,40938.664549,
isl,2012,13471.498,42006.543346,
isl,2013,14378.252,44404.731588,
isl,2014,15058.764,45995.001692,
isl,2015,16276.45,49203.294991,
isl,2016,17939.411,53486.615773,
isl,2017,19106.258,55638.491978,
isl,2018,20177.371,57208.31151,
isl,2019,20985.056,58194.829569,
isl,2020,19564.131,53380.98629,
isl,2021,21461.473,57614.693442,
isr,1977,22336.052,null,
isr,1978,25232.882,null,
isr,1979,29023.635,null,
isr,1980,32174.013,null,
isr,1981,37098.864,null,
isr,1982,40211.177,null,
isr,1983,43189.784,null,
isr,1984,45165.522,null,
isr,1985,48474.823,null,
isr,1986,51523.129,null,
isr,1987,56566.765,null,
isr,1988,60266.279,null,
isr,1989,62988.885,null,
isr,1990,70127.013,null,
isr,1991,78099.862,null,
isr,1992,86077.767,null,
isr,1993,91745.709,null,
isr,1994,100665.122,null,
isr,1995,109562.188,19755.974207,
isr,1996,118291.362,20794.916356,
isr,1997,125053.685,21432.110328,
isr,1998,131769.828,22037.391453,
isr,1999,138397.269,22551.749787,
isr,2000,156918.15,24892.628215,
isr,2001,160618.29,24876.123711,
isr,2002,165760.975,25150.071068,
isr,2003,159517.821,23759.338271,
isr,2004,171851.347,25137.052883,
isr,2005,172238.932,24742.795915,
isr,2006,181286.695,25575.21224,
isr,2007,197547.197,27366.698491,
isr,2008,201065.271,27351.81872,
isr,2009,205568.428,27474.880236,
isr,2010,219865.033,28850.555305,
isr,2011,237915.695,30647.094772,
isr,2012,251920.659,31859.55362,
isr,2013,276637.287,34339.179297,
isr,2014,282342.337,34381.468362,
isr,2015,297241.715,35482.650947,
isr,2016,323408.139,37854.845318,
isr,2017,340875.782,39137.375997,
isr,2018,354478.165,39914.217473,
isr,2019,362196.511,40020.387326,
isr,2020,363897.821,39492.618348,
isr,2021,409409.304,43712.289525,
ita,1970,195385.195,3630.217344,
ita,1971,209021.977,3865.51596,
ita,1972,226104.842,4157.768249,
ita,1973,255489.964,4666.364033,
ita,1974,293797.566,5331.024643,
ita,1975,314301.248,5669.112173,
ita,1976,355226.123,6375.394134,
ita,1977,386958.342,6915.478076,
ita,1978,427596.217,7614.557123,
ita,1979,490667.17,8712.485947,
ita,1980,553339.744,9805.09488,
ita,1981,610811.018,10808.844019,
ita,1982,651230.852,11517.342442,
ita,1983,684650.631,12103.978158,
ita,1984,732233.416,12942.313994,
ita,1985,776526.348,13721.219516,
ita,1986,814820.514,14397.088737,
ita,1987,861621.379,15222.481567,
ita,1988,929428.837,16412.507958,
ita,1989,998592.913,17620.631646,
ita,1990,1056545.654,18627.654372,
ita,1991,1109079.592,19534.475117,
ita,1992,1143818.172,20138.67208,
ita,1993,1160944.771,20427.731852,
ita,1994,1211241.323,21308.38976,
ita,1995,1272339.624,22382.888423,
ita,1996,1310778.513,23052.613386,
ita,1997,1358305.262,23875.825483,
ita,1998,1423868.237,25021.100094,
ita,1999,1457193.11,25602.386484,
ita,2000,1541560.802,27072.426242,
ita,2001,1597196.303,28030.921543,
ita,2002,1639680.501,28721.076279,
ita,2003,1673369.915,29153.1923,
ita,2004,1704872.813,29481.685632,
ita,2005,1746658.11,30028.488979,
ita,2006,1886981.526,32311.38283,
ita,2007,1995154.341,33956.490392,
ita,2008,2089717.307,35292.601856,
ita,2009,2044872.135,34335.571618,
ita,2010,2084102.928,34839.916955,
ita,2011,2173169.961,36203.328522,
ita,2012,2172383.108,36091.373957,
ita,2013,2187376.607,36267.925352,
ita,2014,2200256.409,36475.976061,
ita,2015,2240922.483,37206.331822,
ita,2016,2420672.141,40267.222623,
ita,2017,2517184.468,41951.466331,
ita,2018,2600326.872,43427.663143,
ita,2019,2650548.961,44376.174443,
ita,2020,2496156.66,41995.337395,
ita,2021,2713266.982,45902.22894,
jpn,1970,355870.933,3423.4527,
jpn,1971,391480.67,3728.984807,
jpn,1972,442764.615,4160.681839,
jpn,1973,504542.058,4632.996761,
jpn,1974,543206.115,4920.112643,
jpn,1975,611870.338,5474.455907,
jpn,1976,671204.194,5938.754932,
jpn,1977,744207.685,6520.501737,
jpn,1978,838547.835,7280.589542,
jpn,1979,957920.051,8248.122461,
jpn,1980,1073878.026,9173.740186,
jpn,1981,1224749.496,10387.860226,
jpn,1982,1343260.276,11313.761505,
jpn,1983,1446188.928,12098.354701,
jpn,1984,1563779.253,12998.456029,
jpn,1985,1696480.554,14014.825018,
jpn,1986,1787651.217,14693.828843,
jpn,1987,1916903.769,15681.605455,
jpn,1988,2116396.473,17242.221462,
jpn,1989,2306802.033,18723.282601,
jpn,1990,2508003.933,20289.488255,
jpn,1991,2683565.892,21624.047285,
jpn,1992,2769730.141,22234.862694,
jpn,1993,2821239.988,22581.120139,
jpn,1994,2856992.794,22834.751706,
jpn,1995,2993644.743,23865.913636,
jpn,1996,3143992.145,25009.682085,
jpn,1997,3229588.927,25629.420659,
jpn,1998,3224451.313,25520.196541,
jpn,1999,3258971.755,25744.916581,
jpn,2000,3461199.211,27289.851934,
jpn,2001,3552841.441,27946.083138,
jpn,2002,3647933.242,28633.69892,
jpn,2003,3753919.246,29411.592882,
jpn,2004,3938955.766,30837.175423,
jpn,2005,4110440.486,32174.400107,
jpn,2006,4300322.188,33638.841255,
jpn,2007,4482081.29,35021.732224,
jpn,2008,4517267.524,35278.749846,
jpn,2009,4295628.986,33550.689549,
jpn,2010,4525401.306,35342.824721,
jpn,2011,4629400.467,36215.006272,
jpn,2012,4799612.88,37628.675989,
jpn,2013,5021591.104,39436.682585,
jpn,2014,5034454.619,39559.763471,
jpn,2015,5199915.223,40908.781547,
jpn,2016,5158900.414,40642.704531,
jpn,2017,5262254.967,41531.221619,
jpn,2018,5340832.208,42239.050068,
jpn,2019,5354366.278,42438.755946,
jpn,2020,5315620.636,42285.325693,
jpn,2021,5396818.542,43001.852891,
kor,1970,19360.946,600.506995,
kor,1971,22487.595,683.866885,
kor,1972,25152.141,750.698124,
kor,1973,30483.038,893.852097,
kor,1974,36386.53,1048.844987,
kor,1975,42873.785,1215.208903,
kor,1976,51213.792,1428.597512,
kor,1977,61106.159,1678.187382,
kor,1978,72567.984,1962.941483,
kor,1979,85403.228,2275.356423,
kor,1980,91585.339,2402.301405,
kor,1981,107515.66,2776.532293,
kor,1982,123676.871,3144.913567,
kor,1983,145712.222,3651.020351,
kor,1984,166898.807,4130.54515,
kor,1985,185673.604,4550.154481,
kor,1986,210868.183,5116.42119,
kor,1987,243576.231,5852.103004,
kor,1988,282397.397,6718.788433,
kor,1989,314225.056,7402.41363,
kor,1990,358187.125,8355.387935,
kor,1991,410211.322,9474.577826,
kor,1992,445566.679,10184.846816,
kor,1993,487498.211,11030.619105,
kor,1994,544057.83,12187.129391,
kor,1995,608871.842,13502.580041,
kor,1996,668944.044,14693.993279,
kor,1997,722468.659,15721.561966,
kor,1998,693124.625,14974.498788,
kor,1999,783492.526,16807.013023,
kor,2000,871475.638,18538.879306,
kor,2001,934349.292,19724.494236,
kor,2002,1019446.686,21396.719189,
kor,2003,1058222.737,22096.023078,
kor,2004,1143105.568,23773.590825,
kor,2005,1213618.157,25186.638103,
kor,2006,1302227.991,26884.429402,
kor,2007,1414985.951,29064.701966,
kor,2008,1468996.086,29945.899216,
kor,2009,1454994.406,29508.282758,
kor,2010,1572680.44,31736.700156,
kor,2011,1625275.456,32546.517725,
kor,2012,1684562.928,33557.030447,
kor,2013,1726902.753,34244.239492,
kor,2014,1792600.237,35324.260296,
kor,2015,1933588.947,37902.361018,
kor,2016,2026967.822,39575.302078,
kor,2017,2103651.26,40957.347064,
kor,2018,2220442.286,43025.990397,
kor,2019,2225803.915,43044.8068,
kor,2020,2344337.686,45274.090605,
kor,2021,2427790.544,46731.416375,
ltu,1995,21510.877,5927.331113,
ltu,1996,22991.978,6383.823368,
ltu,1997,25274.644,7069.434929,
ltu,1998,27551.815,7762.605202,
ltu,1999,27562.049,7820.79589,
ltu,2000,29556.723,8445.984466,
ltu,2001,32750.855,9436.062221,
ltu,2002,36085.819,10480.719387,
ltu,2003,41213.675,12067.673335,
ltu,2004,44004.554,13030.375067,
ltu,2005,48211.647,14510.653684,
ltu,2006,53900.646,16483.836839,
ltu,2007,61700.337,19094.621906,
ltu,2008,66270.653,20721.033864,
ltu,2009,57301.637,18116.711605,
ltu,2010,62245.322,20096.756354,
ltu,2011,69297.819,22884.804355,
ltu,2012,73809.042,24703.697943,
ltu,2013,79034.188,26721.601926,
ltu,2014,82647.295,28184.499091,
ltu,2015,83761.504,28834.457574,
ltu,2016,88700.479,30925.151813,
ltu,2017,95492.278,33761.906595,
ltu,2018,101909.482,36376.197676,
ltu,2019,107688.123,38540.745344,
ltu,2020,108666.647,38880.543234,
ltu,2021,119263.29,42550.554521,
lux,1970,1859.13,5480.764875,
lux,1971,2005.473,5856.935374,
lux,1972,2230.21,6434.347174,
lux,1973,2547.972,7269.322744,
lux,1974,2894.248,8150.275447,
lux,1975,2954.522,8229.625186,
lux,1976,3196.119,8858.163404,
lux,1977,3447.995,9537.742406,
lux,1978,3840.909,10607.003701,
lux,1979,4257.139,11727.312366,
lux,1980,4680.721,12844.631776,
lux,1981,5095.389,13944.27954,
lux,1982,5471.401,14965.100759,
lux,1983,5855.654,16011.711147,
lux,1984,6442.265,17601.301143,
lux,1985,6831.535,18634.300885,
lux,1986,7664.907,20810.97627,
lux,1987,8164.773,22024.639942,
lux,1988,9168.162,24519.639443,
lux,1989,10461.104,27703.383727,
lux,1990,11430.054,29928.565386,
lux,1991,12838.04,33163.688393,
lux,1992,13369.539,34070.201961,
lux,1993,14261.362,35831.516634,
lux,1994,15122.454,37449.258929,
lux,1995,15660.682,38242.303017,
lux,1996,16449.04,39687.691557,
lux,1997,17820.586,42445.125662,
lux,1998,18800.393,44215.931839,
lux,1999,21456.896,49744.96918,
lux,2000,24047.671,55032.143721,
lux,2001,24780.682,56082.401307,
lux,2002,26135.007,58513.393595,
lux,2003,27186.558,60112.409068,
lux,2004,29635.341,64633.730041,
lux,2005,31997.214,68707.781706,
lux,2006,37280.896,78830.462472,
lux,2007,40852.155,84984.721145,
lux,2008,44452.835,90863.784075,
lux,2009,43245.312,86799.979136,
lux,2010,45809.158,90257.591595,
lux,2011,48970.83,94278.922851,
lux,2012,51308.749,96535.745828,
lux,2013,54838.627,100561.366405,
lux,2014,58578.312,104917.945675,
lux,2015,61437.294,107898.304236,
lux,2016,65980.114,112955.470175,
lux,2017,68570.173,114862.528755,
lux,2018,71109.236,116801.142101,
lux,2019,72752.124,117058.928146,
lux,2020,74292.466,117721.247087,
lux,2021,86117.15,134340.373726,
lva,1994,14835.391,null,
lva,1995,13704.249,5514.66412,
lva,1996,14269.912,5807.335403,
lva,1997,15783.056,6487.473291,
lva,1998,17034.468,7068.188146,
lva,1999,17703.56,7405.798042,
lva,2000,19033.951,8039.300106,
lva,2001,21138.659,9042.502938,
lva,2002,23289.296,10080.309806,
lva,2003,25306.967,11060.312032,
lva,2004,27787.951,12279.253426,
lva,2005,31150.197,13914.102605,
lva,2006,35181.638,15857.134739,
lva,2007,40126.442,18230.797977,
lva,2008,42617.067,19569.535748,
lva,2009,36459.253,17021.221711,
lva,2010,37141.199,17709.155456,
lva,2011,39646.155,19256.68991,
lva,2012,43311.605,21297.472621,
lva,2013,45564.445,22637.197448,
lva,2014,47483.528,23810.218371,
lva,2015,49384.341,24975.479748,
lva,2016,52362.25,26724.459825,
lva,2017,55691.141,28689.57466,
lva,2018,59505.492,30891.884185,
lva,2019,61018.925,31893.84669,
lva,2020,59721.372,31418.030799,
lva,2021,64909.928,34471.31179,
mar,2007,174476.004,5657.274527,
mar,2008,188405.513,6042.899269,
mar,2009,197898.249,6279.693123,
mar,2010,207843.489,6525.49337,
mar,2011,223315.73,6938.287763,
mar,2012,226123.984,6936.956908,
mar,2013,236669.86,7182.696804,
mar,2014,229401.964,6792.66741,
mar,2015,247207.18,7244.378725,
mar,2016,253685.437,7355.972891,
mar,2017,264212.938,7581.215412,
mar,2018,279075.124,7923.993415,
mar,2019,291465.062,8190.211658,
mar,2020,276311.171,7685.557723,
mdg,2007,30541.742,1571.562293,
mdg,2008,33333.025,1666.984633,
mdg,2009,32227.722,1566.810322,
mdg,2010,32809.07,1551.109609,
mdg,2011,34048.44,1565.877486,
mdg,2012,34613.437,1548.90756,
mdg,2013,35664.458,1553.262396,
mdg,2014,37112.146,1573.215193,
mdg,2015,37860.94,1562.306683,
mdg,2016,40431.499,1624.146348,
mdg,2017,40952.508,1601.521574,
mdg,2018,43174.289,1643.983294,
mdg,2019,45922.492,1702.788076,
mdg,2020,43198.592,1560.022834,
mex,1970,94115.627,1821.231807,
mex,1971,103008.445,1927.274057,
mex,1972,116581.758,2110.463843,
mex,1973,133312.675,2335.347894,
mex,1974,154188.025,2616.012156,
mex,1975,177927.73,2926.660122,
mex,1976,195675.708,3123.797478,
mex,1977,214986.945,3333.352316,
mex,1978,249093.53,3754.173258,
mex,1979,294455.119,4315.112329,
mex,1980,347776.417,4940.061065,
mex,1981,414159.161,5747.034732,
mex,1982,436639.425,5921.25591,
mex,1983,434249.765,5757.16342,
mex,1984,466111.234,6045.235413,
mex,1985,494181.871,6273.769365,
mex,1986,485209.517,6033.887794,
mex,1987,506434.857,6171.62267,
mex,1988,530828.672,6340.201974,
mex,1989,574798.441,6731.458394,
mex,1990,626538.133,7196.211257,
mex,1991,675074.828,7616.689733,
mex,1992,715513.58,7938.419674,
mex,1993,758505.079,8280.532735,
mex,1994,812981.04,8736.564824,
mex,1995,777809.434,8231.658739,
mex,1996,845698.562,8820.661494,
mex,1997,919184.017,9456.139259,
mex,1998,977530.109,9925.675065,
mex,1999,1018601.794,10216.053137,
mex,2000,1096748.815,10870.092123,
mex,2001,1116922.396,10937.137897,
mex,2002,1137595.967,10999.980338,
mex,2003,1184225.321,11308.492366,
mex,2004,1263689.079,11926.995989,
mex,2005,1341775.456,12539.95753,
mex,2006,1485717.873,13725.383603,
mex,2007,1560834.849,14240.154451,
mex,2008,1653898.19,14885.902438,
mex,2009,1636084.571,14521.804398,
mex,2010,1740490.338,15252.073238,
mex,2011,1911319.096,16546.641414,
mex,2012,2012767.781,17220.06914,
mex,2013,2064490.947,17461.798268,
mex,2014,2173227.412,18178.397421,
mex,2015,2230188.94,18454.801482,
mex,2016,2383253.082,19516.145022,
mex,2017,2460766.096,19947.197691,
mex,2018,2535949.668,20354.829507,
mex,2019,2533977.005,20145.644354,
mex,2020,2407279.071,18962.568201,
mex,2021,2609993.103,20386.907843,
mkd,2000,12465.784,6151.841722,
mkd,2001,12310.895,6049.93068,
mkd,2002,12919.276,6395.184104,
mkd,2003,13367.456,6595.438155,
mkd,2004,14577.409,7172.001661,
mkd,2005,15987.118,7848.92282,
mkd,2006,17729.987,8690.199023,
mkd,2007,19109.15,9350.916817,
mkd,2008,21537.348,10521.944991,
mkd,2009,22577.909,11010.010291,
mkd,2010,23346.943,11361.020603,
mkd,2011,24064.207,11689.944473,
mkd,2012,24558.762,11915.69013,
mkd,2013,26269.759,12727.399248,
mkd,2014,27776.139,13434.838721,
mkd,2015,28751.746,13888.215929,
mkd,2016,31373.383,15138.013996,
mkd,2017,32583.116,15706.475893,
mkd,2018,34872.942,16796.386112,
mkd,2019,36438.458,null,
mkd,2020,34651.844,null,
mkd,2021,37002.414,null,
mlt,1995,5277.68,13970.098986,
mlt,1996,5568.373,14653.690948,
mlt,1997,5929.96,15491.500324,
mlt,1998,6249.554,16221.274587,
mlt,1999,6564.696,16941.851486,
mlt,2000,7160.283,18361.488484,
mlt,2001,7275.188,18507.455241,
mlt,2002,7760.932,19601.629781,
mlt,2003,8342.077,20930.226955,
mlt,2004,8645.484,21551.212344,
mlt,2005,9008.207,22308.751034,
mlt,2006,9452.135,23324.148991,
mlt,2007,10192.156,25058.283449,
mlt,2008,10858.224,26523.906245,
mlt,2009,10992.37,26651.270958,
mlt,2010,11905.815,28725.396571,
mlt,2011,12060.677,28973.06767,
mlt,2012,12703.251,30241.371933,
mlt,2013,13757.033,32287.972195,
mlt,2014,14924.476,34318.528109,
mlt,2015,16669.467,37430.54205,
mlt,2016,18080.367,39678.55457,
mlt,2017,20385.768,43513.309758,
mlt,2018,22084.091,45512.717826,
mlt,2019,23896.46,47344.473487,
mlt,2020,22284.479,43197.271028,
mlt,2021,24662.096,47386.374313,
nld,1969,52607.563,4086.836185,
nld,1970,57559.914,4417.004965,
nld,1971,63096.88,4782.447669,
nld,1972,67474.309,5062.057973,
nld,1973,75288.592,5602.906249,
nld,1974,85556.145,6317.644002,
nld,1975,93595.877,6852.118038,
nld,1976,103474.475,7513.174939,
nld,1977,112015.281,8084.594023,
nld,1978,122688.676,8802.209108,
nld,1979,135554.091,9659.396119,
nld,1980,152603.74,10786.708549,
nld,1981,165734.354,11633.434127,
nld,1982,173790.46,12143.515296,
nld,1983,184335.751,12830.159983,
nld,1984,196833.421,13647.781343,
nld,1985,208297.441,14377.862177,
nld,1986,218414.457,14994.434065,
nld,1987,228137.864,15558.357199,
nld,1988,244312.897,16553.081539,
nld,1989,265113.428,17858.340003,
nld,1990,286542.665,19171.411116,
nld,1991,303458.086,20140.113873,
nld,1992,315668.841,20793.210344,
nld,1993,327215.265,21401.533293,
nld,1994,344098.724,22372.643797,
nld,1995,362261.004,23433.663488,
nld,1996,380633.555,24509.565661,
nld,1997,406142.982,26016.461583,
nld,1998,435230.455,27709.330528,
nld,1999,462796.455,29268.685491,
nld,2000,507559.11,31869.842367,
nld,2001,532415.015,33180.544383,
nld,2002,556285.465,34447.053372,
nld,2003,554087.973,34150.260289,
nld,2004,583046.953,35809.295703,
nld,2005,614044.12,37625.252435,
nld,2006,670415.576,41014.044759,
nld,2007,719798.015,43938.347892,
nld,2008,763407.575,46419.042594,
nld,2009,736543.428,44557.981143,
nld,2010,748422.162,45044.969112,
nld,2011,777880.907,46599.227659,
nld,2012,792041.828,47271.968226,
nld,2013,827475.788,49242.786711,
nld,2014,830318.43,49233.230349,
nld,2015,851884.697,50288.352815,
nld,2016,890488.555,52289.404292,
nld,2017,943739.619,55089.58143,
nld,2018,996447.288,57825.399708,
nld,2019,1023422.035,59003.864774,
nld,2020,1033704.443,59265.247282,
nld,2021,1118050.062,63768.326122,
nor,1970,13034.956,3362.991808,
nor,1971,14472.597,3708.069915,
nor,1972,15903.04,4043.488558,
nor,1973,17534.883,4426.882946,
nor,1974,19862.592,4984.339185,
nor,1975,22777.12,5684.332298,
nor,1976,25430.511,6316.570078,
nor,1977,28134.446,6958.804292,
nor,1978,31278.558,7705.976267,
nor,1979,35354.741,8680.270217,
nor,1980,40307.958,9864.894269,
nor,1981,44827.146,10933.450211,
nor,1982,47708.707,11593.853401,
nor,1983,51546.969,12487.153245,
nor,1984,56639.016,13680.92182,
nor,1985,61675.033,14850.71832,
nor,1986,65460.375,15709.233378,
nor,1987,68255.253,16301.708295,
nor,1988,70482.467,16745.656183,
nor,1989,74006.126,17507.954935,
nor,1990,78260.062,18453.209654,
nor,1991,83402.375,19568.834956,
nor,1992,88352.11,20614.117946,
nor,1993,93019.846,21572.320418,
nor,1994,99809.184,23013.415645,
nor,1995,106136.615,24348.844805,
nor,1996,117500.005,26820.361703,
nor,1997,126025.608,28609.672746,
nor,1998,124906.978,28189.342916,
nor,1999,136333.967,30554.45254,
nor,2000,165880.547,36936.216144,
nor,2001,170458.689,37762.226185,
nor,2002,172360.893,37981.68638,
nor,2003,176174.677,38592.481304,
nor,2004,195385.517,42549.110819,
nor,2005,220981.899,47800.540634,
nor,2006,252424.517,54156.729649,
nor,2007,263385.452,55932.353349,
nor,2008,294277.831,61719.343656,
nor,2009,267338.647,55361.078297,
nor,2010,283183.76,57922.634469,
nor,2011,307471.57,62077.845797,
nor,2012,327987.716,65349.216157,
nor,2013,340137.933,66956.285962,
nor,2014,338506.045,65895.667611,
nor,2015,313230.601,60352.716908,
nor,2016,308522.085,58923.240139,
nor,2017,337993.785,64050.366694,
nor,2018,370815.982,69807.225536,
nor,2019,357234.972,66797.863207,
nor,2020,336996.39,62650.379161,
nor,2021,428112.807,79162.871042,
nzl,1970,11060.14,3922.035308,
nzl,1971,12323.407,4302.865697,
nzl,1972,13733.547,4714.571568,
nzl,1973,15088.028,5078.434327,
nzl,1974,17208.57,5675.649616,
nzl,1975,19414.246,6289.033284,
nzl,1976,20376.288,6539.245253,
nzl,1977,20225.295,6465.887162,
nzl,1978,22663.824,7243.1525,
nzl,1979,24041.254,7661.330268,
nzl,1980,26543.296,8442.524194,
nzl,1981,29792.827,9437.069122,
nzl,1982,33224.455,10438.094443,
nzl,1983,36150.072,11205.850122,
nzl,1984,40046.668,12291.795118,
nzl,1985,41348.444,12637.055078,
nzl,1986,43465.288,13243.537014,
nzl,1987,44273.485,13375.675369,
nzl,1988,45962.992,13852.619656,
nzl,1989,48168.247,14434.596002,
nzl,1990,49520.168,14681.342317,
nzl,1991,50932.811,14528.570835,
nzl,1992,52681.048,14872.409341,
nzl,1993,56956.26,15886.494453,
nzl,1994,61719.814,16982.119107,
nzl,1995,65810.471,17831.916527,
nzl,1996,68930.626,18394.744452,
nzl,1997,72388.499,19089.290758,
nzl,1998,73810.393,19312.991931,
nzl,1999,78923.926,20537.595625,
nzl,2000,82993.426,21470.850533,
nzl,2001,87345.956,22399.270791,
nzl,2002,92024.858,23180.064981,
nzl,2003,96546.623,23868.729248,
nzl,2004,102560.135,25006.738203,
nzl,2005,106147.849,25590.127446,
nzl,2006,116145.806,27675.50845,
nzl,2007,124052.165,29290.053915,
nzl,2008,127057.687,29748.931565,
nzl,2009,132008.446,30572.372215,
nzl,2010,135839.549,31135.864443,
nzl,2011,143362.869,32638.103325,
nzl,2012,145417.047,32916.91304,
nzl,2013,160992.629,36084.865782,
nzl,2014,168435.427,37084.794142,
nzl,2015,172758.809,37246.951138,
nzl,2016,188250.858,39696.946073,
nzl,2017,203223.123,42008.211082,
nzl,2018,208377.269,42334.17358,
nzl,2019,226826.5,45251.266802,
nzl,2020,227831.574,44698.274404,
nzl,2021,237788.545,46388.713365,
oecd,1970,3246051.828,3511.749214,
oecd,1971,3539698.307,3782.196178,
oecd,1972,3896665.389,4115.794515,
oecd,1973,4367454.397,4556.943101,
oecd,1974,4812599.166,4968.506606,
oecd,1975,5281096.587,5397.11272,
oecd,1976,5844312.852,5916.680919,
oecd,1977,6434918.251,6453.81469,
oecd,1978,7196235.858,7150.449698,
oecd,1979,8097293.619,7970.005906,
oecd,1980,8945942.182,8715.447442,
oecd,1981,10016169.283,9671.64003,
oecd,1982,10649448.954,10196.412609,
oecd,1983,11396673.94,10824.913854,
oecd,1984,12367094.094,11657.047475,
oecd,1985,13234428.079,12379.030686,
oecd,1986,13903458.723,12905.276967,
oecd,1987,14774172.901,13611.920738,
oecd,1988,15991116.799,14618.249356,
oecd,1989,17245359.214,15634.370567,
oecd,1990,18434845.871,16566.703336,
oecd,1991,19349917.275,17227.719953,
oecd,1992,20244671.894,17864.024334,
oecd,1993,21023955.327,18395.54435,
oecd,1994,22068145.992,19161.763637,
oecd,1995,23106990.597,19911.812359,
oecd,1996,24310503.353,20793.589811,
oecd,1997,25608102.751,21743.5919,
oecd,1998,26485549.014,22332.37832,
oecd,1999,27716353.249,23208.428856,
oecd,2000,29630992.489,24635.022853,
oecd,2001,30782618.653,25413.762478,
oecd,2002,31973132.619,26205.96799,
oecd,2003,33174050.067,26996.365697,
oecd,2004,35187524.125,28438.485846,
oecd,2005,37111322.681,29787.698134,
oecd,2006,39876493.458,31783.114368,
oecd,2007,42137705.562,33331.226303,
oecd,2008,43563471.965,34192.780535,
oecd,2009,42654877.308,33234.979831,
oecd,2010,44622110.927,34539.291926,
oecd,2011,46692839.815,35919.955997,
oecd,2012,48221844.975,36881.132481,
oecd,2013,50265325.236,38230.030405,
oecd,2014,52041340.596,39343.677147,
oecd,2015,53859702.552,40470.003933,
oecd,2016,56097447.938,41889.107871,
oecd,2017,58571272.413,43489.31381,
oecd,2018,61204077.628,45188.597653,
oecd,2019,62795686.388,46108.057778,
oecd,2020,61611318.231,45036.020617,
oecd,2021,66892298.55,48747.067399,
oecde,1994,8996678.073,null,
oecde,1995,9453440.653,18247.573335,
oecde,1996,9869954.401,18983.618254,
oecde,1997,10345990.018,19831.847916,
oecde,1998,10626893.193,20305.56205,
oecde,1999,11033461.495,21008.082712,
oecde,2000,11829873.095,22432.846191,
oecde,2001,12379460.211,23376.891919,
oecde,2002,12927979.56,24287.458837,
oecde,2003,13292867.331,24839.206646,
oecde,2004,14034386.112,26083.427549,
oecde,2005,14636241.479,27043.333968,
oecde,2006,15966548.916,29344.698966,
oecde,2007,16999467.199,31052.434924,
oecde,2008,17852104.342,32409.709595,
oecde,2009,17458188.77,31515.076944,
oecde,2010,18221186.659,32737.355164,
oecde,2011,19182732.207,34303.207383,
oecde,2012,19616309.185,34933.870296,
oecde,2013,20459359.432,36298.721256,
oecde,2014,21197933.285,37450.545666,
oecde,2015,21983004.985,38647.323901,
oecde,2016,23244648.759,40655.704835,
oecde,2017,24462000.474,42601.251069,
oecde,2018,25508693.604,44222.111413,
oecde,2019,26146181.532,45107.942642,
oecde,2020,25507798.639,43870.406002,
oecde,2021,27692593.887,47507.826669,
pol,1990,235854.012,6201.544298,
pol,1991,226723.936,5949.276387,
pol,1992,237722.775,6227.429596,
pol,1993,252455.079,6605.054311,
pol,1994,271493.344,7097.40137,
pol,1995,296455.882,7745.418211,
pol,1996,319647.574,8348.287338,
pol,1997,345397.567,9020.097336,
pol,1998,366829.528,9581.797308,
pol,1999,388183.91,10143.29528,
pol,2000,408300.79,10672.856292,
pol,2001,425307.706,11118.865029,
pol,2002,451281.404,11803.761357,
pol,2003,469475.426,12291.541453,
pol,2004,509873.159,13354.456755,
pol,2005,530377.339,13898.413011,
pol,2006,577929.412,15156.021515,
pol,2007,640533.407,16804.843293,
pol,2008,697829.214,18308.038986,
pol,2009,734034.283,19074.247921,
pol,2010,801657.893,20813.092736,
pol,2011,868896.689,22553.514215,
pol,2012,903836.561,23455.560312,
pol,2013,934552.984,24272.842559,
pol,2014,968368.101,25162.875509,
pol,2015,1020392.781,26534.723216,
pol,2016,1075392.661,27985.340009,
pol,2017,1141694.015,29714.590984,
pol,2018,1213408.803,31588.493559,
pol,2019,1283148.147,33427.503432,
pol,2020,1306336.642,34059.98442,
pol,2021,1427268.812,37400.262349,
prt,1970,18286.967,2076.990427,
prt,1971,20488.164,2347.456681,
prt,1972,23087.083,2649.215257,
prt,1973,27079.836,3106.299184,
prt,1974,29854.001,3377.191512,
prt,1975,31201.095,3398.006364,
prt,1976,35189.65,3725.066506,
prt,1977,39470.146,4134.000934,
prt,1978,43436.049,4500.358855,
prt,1979,49692.293,5093.675796,
prt,1980,56667.583,5746.227251,
prt,1981,63033.257,6337.219115,
prt,1982,68356.776,6830.139474,
prt,1983,70911.191,7054.769211,
prt,1984,72088.248,7147.460326,
prt,1985,76455.837,7563.842611,
prt,1986,81225.344,8035.69411,
prt,1987,88545.377,8774.772006,
prt,1988,98533.916,9790.09731,
prt,1989,108991.796,10862.950857,
prt,1990,117538.642,11759.764929,
prt,1991,126821.481,12724.507025,
prt,1992,131124.807,13161.573404,
prt,1993,131490.16,13183.556934,
prt,1994,135593.791,13562.362842,
prt,1995,144366.013,14398.876224,
prt,1996,150129.5,14917.62635,
prt,1997,159607.632,15788.66677,
prt,1998,169543.782,16687.051603,
prt,1999,181041.019,17718.199563,
prt,2000,194238.975,18876.663002,
prt,2001,202331.109,19524.941284,
prt,2002,212108.896,20356.721555,
prt,2003,218077.809,20851.131027,
prt,2004,225170.605,21477.752034,
prt,2005,238691.186,22725.351606,
prt,2006,259718.686,24682.69159,
prt,2007,271303.225,25733.019568,
prt,2008,281542.549,26665.771577,
prt,2009,279624.157,26459.014535,
prt,2010,288243.302,27261.94794,
prt,2011,282620.91,26769.42769,
prt,2012,277991.759,26438.140472,
prt,2013,292135.199,27936.006299,
prt,2014,298951.673,28742.313125,
prt,2015,307230.008,29660.845901,
prt,2016,326364.379,31607.610185,
prt,2017,340370.325,33044.70015,
prt,2018,359198.932,34928.61899,
prt,2019,372075.682,36171.964841,
prt,2020,351924.192,34177.019943,
prt,2021,369628.439,35914.150722,
rou,1995,123090.021,5427.022286,
rou,1996,129922.195,5746.832037,
rou,1997,125492.645,5566.088632,
rou,1998,124788.681,5545.47348,
rou,1999,125764.356,5599.975247,
rou,2000,131249.174,5850.142412,
rou,2001,144271.218,6438.267921,
rou,2002,155641.018,7180.411394,
rou,2003,163101.304,7559.956723,
rou,2004,192858.082,8990.277409,
rou,2005,204714.62,9602.147673,
rou,2006,244927.364,11556.584543,
rou,2007,286098.902,13700.099426,
rou,2008,344672.81,16782.321907,
rou,2009,338749.812,16631.928801,
rou,2010,343716.855,16976.354555,
rou,2011,360566.655,17896.205071,
rou,2012,378486.205,18867.537809,
rou,2013,395317.882,19777.078027,
rou,2014,411273.358,20649.932983,
rou,2015,428130.787,21598.495969,
rou,2016,478203.667,24266.389694,
rou,2017,531676.309,27136.130672,
rou,2018,571409.8,29338.106903,
rou,2019,617320.391,31860.316301,
rou,2020,620132.815,32182.141746,
rou,2021,676942.257,35254.361185,
rus,1995,893649.805,6022.881532,
rus,1996,877181.595,5920.496933,
rus,1997,904631.52,6115.87234,
rus,1998,865918.063,5863.841604,
rus,1999,934209.415,6345.894176,
rus,2000,1073593.408,7323.44018,
rus,2001,1152998.495,7898.522928,
rus,2002,1253122.777,8623.997299,
rus,2003,1437840.922,9940.232555,
rus,2004,1582506.988,10984.496611,
rus,2005,1822444.794,12698.299229,
rus,2006,2291243.855,16017.124233,
rus,2007,2553606.502,17881.758587,
rus,2008,3091455.591,21657.589062,
rus,2009,2973733.08,20826.597968,
rus,2010,3143873.887,22008.299275,
rus,2011,3259319.17,22798.673917,
rus,2012,3480301.72,24303.491049,
rus,2013,3741783.371,26073.873547,
rus,2014,3763536.922,25761.66151,
rus,2015,3526234.314,24085.312853,
rus,2016,3538975.3,24128.081806,
rus,2017,3807099.411,25926.431403,
rus,2018,4231840.387,28821.242897,
rus,2019,4398115.281,29967.119348,
rus,2020,4367291.715,29819.046969,
sau,1970,54232.698,9292.166424,
sau,1971,68344.746,11202.231347,
sau,1972,88049.984,13770.948327,
sau,1973,116667.46,17376.498238,
sau,1974,162127.28,22966.370529,
sau,1975,186404.749,25092.502619,
sau,1976,221676.565,28352.415633,
sau,1977,251940.242,30606.457933,
sau,1978,267033.133,30764.752911,
sau,1979,317602.122,34598.609502,
sau,1980,368866.714,37868.99696,
sau,1981,422710.089,40775.915143,
sau,1982,399014.605,36116.19436,
sau,1983,380573.701,32351.153917,
sau,1984,382126.334,30606.91579,
sau,1985,377164.537,28596.652395,
sau,1986,404345.685,29154.61357,
sau,1987,397836.551,27388.535277,
sau,1988,445742.19,29411.786971,
sau,1989,463506.168,29417.860838,
sau,1990,520572.873,31884.533055,
sau,1991,618946.426,36693.899722,
sau,1992,658294.849,37879.117039,
sau,1993,664708.437,37218.238614,
sau,1994,682695.946,37283.195369,
sau,1995,698489.703,37280.936761,
sau,1996,730038.265,38158.810809,
sau,1997,751294.684,38516.918673,
sau,1998,781733,39317.724199,
sau,1999,763176.096,37605.244323,
sau,2000,824128.264,39689.649431,
sau,2001,832007.958,39054.820329,
sau,2002,821341.582,37493.382348,
sau,2003,930645.164,41258.540035,
sau,2004,1031758.941,44417.057438,
sau,2005,1123197.697,46984.604448,
sau,2006,1189455.013,48394.517295,
sau,2007,1243968.072,49261.050328,
sau,2008,1347422.314,51942.26361,
sau,2009,1329736.077,49874.781078,
sau,2010,1413023.527,51351.20568,
sau,2011,1586748.761,56127.024677,
sau,2012,1672470.749,57693.997316,
sau,2013,1680157.97,56563.34222,
sau,2014,1722861.782,56613.475043,
sau,2015,1541832.118,49491.35095,
sau,2016,1475671.786,46289.737315,
sau,2017,1565891.922,47862.022249,
sau,2018,1642519.382,49157.12264,
sau,2019,1677381.92,49020.211911,
sau,2020,1627278.286,46342.597702,
sen,1999,18556.872,2050.88279,
sen,2000,19699.554,2115.811979,
sen,2001,20985.05,2190.359109,
sen,2002,21321.725,2162.779632,
sen,2003,22940.338,2261.384301,
sen,2004,24672.784,2363.618264,
sen,2005,26534.172,2470.298053,
sen,2006,27920.802,2526.133653,
sen,2007,29401.224,2585.106865,
sen,2008,31057.569,2653.781565,
sen,2009,32155.589,2670.169373,
sen,2010,33633.348,2714.170203,
sen,2011,34793.989,2728.699987,
sen,2012,36713.666,2798.104708,
sen,2013,37797.219,2797.721619,
sen,2014,40124.398,2881.298928,
sen,2015,43317.631,3017.267768,
sen,2016,46119.11,3116.185752,
sen,2017,49402.166,3238.212275,
sen,2018,53729.453,3416.600078,
sen,2019,57096.22,3522.47695,
sgp,1990,72583.218,23821.207128,
sgp,1991,80056.715,25536.432292,
sgp,1992,87317.789,27025.004405,
sgp,1993,99633.807,30073.591062,
sgp,1994,113054.534,33066.549923,
sgp,1995,123736.836,35112.609454,
sgp,1996,135416.536,36888.187507,
sgp,1997,149306.016,39332.459478,
sgp,1998,147671.762,37604.21748,
sgp,1999,158378.637,40004.707579,
sgp,2000,176555.261,43831.991264,
sgp,2001,178499.066,43136.555395,
sgp,2002,188420.566,45119.867452,
sgp,2003,200624.771,48754.500928,
sgp,2004,226256.929,54297.319229,
sgp,2005,250473.674,58713.941338,
sgp,2006,281291.61,63915.3851,
sgp,2007,314908.128,68622.385615,
sgp,2008,327031.2,67582.393001,
sgp,2009,329922.989,66143.341906,
sgp,2010,382249.269,75290.38195,
sgp,2011,414966.621,80047.57357,
sgp,2012,435964.936,82071.712428,
sgp,2013,448140.098,83004.278288,
sgp,2014,461771.556,84418.931597,
sgp,2015,481405.402,86974.779015,
sgp,2016,501388.381,89421.862189,
sgp,2017,535130.769,95354.734241,
sgp,2018,567144.562,100575.378913,
sgp,2019,585034.475,102565.651273,
sgp,2020,559957.275,98479.999204,
srb,2000,45242.013,6019.149807,
srb,2001,48637.229,6481.996885,
srb,2002,54159.251,7221.203572,
srb,2003,57194.971,7645.782338,
srb,2004,63344.288,8487.59949,
srb,2005,68319.08,9181.722952,
srb,2006,75665.773,10209.143759,
srb,2007,82941.111,11236.228905,
srb,2008,92848.977,12632.132271,
srb,2009,91758.919,12533.989637,
srb,2010,93317.981,12798.299347,
srb,2011,99446.875,13742.363494,
srb,2012,100310.749,13929.152427,
srb,2013,104804.652,14624.13686,
srb,2014,104531.289,14657.096345,
srb,2015,105922.658,14928.391904,
srb,2016,111931.71,15858.118912,
srb,2017,116623.933,16611.065646,
srb,2018,123717.733,17717.993568,
srb,2019,130725.415,18822.316982,
srb,2020,131730.99,19093.866415,
svk,1992,38118.858,7182.751007,
svk,1993,39764.348,7467.483448,
svk,1994,43133.767,8067.061009,
svk,1995,46611.611,8690.753047,
svk,1996,50535.854,9404.38497,
svk,1997,54296.577,10085.791621,
svk,1998,57263.534,10622.380757,
svk,1999,57813.884,10714.989611,
svk,2000,61305.099,11351.316216,
svk,2001,66622.53,12384.456371,
svk,2002,71578.565,13307.878099,
svk,2003,76200.402,14165.405025,
svk,2004,81800.107,15197.802923,
svk,2005,89400.317,16595.261602,
svk,2006,101626.158,18851.357046,
svk,2007,114062.267,21136.075204,
svk,2008,127626.827,23608.977522,
svk,2009,124321.384,22947.016917,
svk,2010,136415.264,25122.641262,
svk,2011,141145.624,26147.239673,
svk,2012,145400.903,26894.994483,
svk,2013,151117.28,27917.45727,
svk,2014,156759.089,28930.034071,
svk,2015,162523.467,29972.9225,
svk,2016,160999.993,29645.701303,
svk,2017,163511.624,30066.187534,
svk,2018,170018.792,31218.960027,
svk,2019,174350.394,31971.867433,
svk,2020,171169.364,31346.275873,
svk,2021,179815.228,32986.812105,
svn,1990,24723.457,null,
svn,1991,23284.719,null,
svn,1992,22514.159,null,
svn,1993,23703.166,null,
svn,1994,25499.078,null,
svn,1995,27103.017,13628.58473,
svn,1996,28446.073,14295.543648,
svn,1997,30350.957,15279.939573,
svn,1998,31817.141,16050.189412,
svn,1999,33876.846,17077.485063,
svn,2000,35803.079,17996.968428,
svn,2001,37745.933,18949.227486,
svn,2002,40372.33,20236.432071,
svn,2003,42134.66,21106.609472,
svn,2004,45453.88,22757.993512,
svn,2005,47716.594,23848.602419,
svn,2006,51617.51,25707.877384,
svn,2007,55639.892,27559.986593,
svn,2008,59839.586,29594.665839,
svn,2009,56167.869,27510.882999,
svn,2010,57005.689,27823.655096,
svn,2011,59391.555,28931.423641,
svn,2012,59745.667,29048.325999,
svn,2013,61744.434,29979.618841,
svn,2014,63653.392,30872.72888,
svn,2015,65265.909,31631.838376,
svn,2016,70079.359,33942.76789,
svn,2017,75438.709,36517.579273,
svn,2018,80802.156,38998.007761,
svn,2019,84936.451,40658.631737,
svn,2020,83519.119,39718.051823,
svn,2021,91917.427,43605.726721,
swe,1960,18451.39,null,
swe,1961,19688.876,null,
swe,1962,20997.815,null,
swe,1963,22440.234,null,
swe,1964,24401.202,null,
swe,1965,26041.148,null,
swe,1966,27512.88,null,
swe,1967,29255.928,null,
swe,1968,31794.557,null,
swe,1969,35114.337,null,
swe,1970,39434.527,4903.017959,
swe,1971,41824.929,5164.905314,
swe,1972,44631.558,5495.206121,
swe,1973,48945.337,6015.22569,
swe,1974,55056.006,6746.309193,
swe,1975,61691.322,7530.764275,
swe,1976,65775.117,7999.98323,
swe,1977,68746.789,8332.028527,
swe,1978,74871.149,9047.975491,
swe,1979,84196.464,10151.605698,
swe,1980,93362.603,11235.097574,
swe,1981,102661.53,12339.266003,
swe,1982,110365.331,13257.247018,
swe,1983,116867.911,14031.60463,
swe,1984,126205.459,15138.165874,
swe,1985,133009.372,15929.446608,
swe,1986,139339.853,16647.721833,
swe,1987,147574.264,17572.747784,
swe,1988,156689.523,18574.122632,
swe,1989,167155.182,19681.746811,
swe,1990,174721.05,20413.953629,
swe,1991,178559.728,20722.032096,
swe,1992,180513.02,20825.457414,
swe,1993,180974.702,20757.312154,
swe,1994,192103.413,21877.915533,
swe,1995,203849.785,23094.15369,
swe,1996,211543.117,23927.51014,
swe,1997,219433.852,24805.716833,
swe,1998,229132.577,25887.761442,
swe,1999,243339.592,27471.476497,
swe,2000,262776.598,29618.30891,
swe,2001,266234.723,29927.464323,
swe,2002,276017.772,30926.361002,
swe,2003,285004.827,31814.965825,
swe,2004,304508.475,33858.728495,
swe,2005,309212.867,34244.359285,
swe,2006,342608.924,37730.182732,
swe,2007,374204.044,40905.110734,
swe,2008,388684.19,42158.465614,
swe,2009,374539.179,40279.526697,
swe,2010,395981.231,42224.035942,
swe,2011,421515.998,44608.643898,
swe,2012,432488.303,45432.306926,
swe,2013,444616.544,46312.293685,
swe,2014,457507.758,47184.719403,
swe,2015,481170.723,49103.0618,
swe,2016,500423.665,50430.174559,
swe,2017,522476.825,51947.942867,
swe,2018,544594.071,53521.635778,
swe,2019,561214.709,54598.781841,
swe,2020,575972.37,55631.003715,
swe,2021,626614.323,60149.585635,
tur,1970,62608.453,1772.556077,
tur,1971,69796.706,1927.2872,
tur,1972,78158.595,2104.885132,
tur,1973,85298.751,2240.458883,
tur,1974,97950.356,2509.231369,
tur,1975,114866.278,2866.068125,
tur,1976,133546.397,3263.996019,
tur,1977,146848.889,3515.822845,
tur,1978,159576.908,3742.422802,
tur,1979,171558.968,3941.166281,
tur,1980,182491.019,4106.643384,
tur,1981,209504.367,4600.44724,
tur,1982,230333.842,4933.469892,
tur,1983,251229.515,5248.819891,
tur,1984,277817.147,5661.649619,
tur,1985,298754.928,5938.753382,
tur,1986,326132.65,6335.133061,
tur,1987,365899.724,6986.819242,
tur,1988,386829.892,7261.95638,
tur,1989,403014.349,7436.78677,
tur,1990,456795.189,8287.285715,
tur,1991,476618.601,8502.695577,
tur,1992,516652.016,9066.297261,
tur,1993,571432.596,9867.086771,
tur,1994,551793.446,9378.340946,
tur,1995,603877.041,10105.713916,
tur,1996,657003.651,10828.957008,
tur,1997,717486.999,11650.920711,
tur,1998,558264.508,8937.380064,
tur,1999,546532.203,8625.279388,
tur,2000,608934.053,9474.770932,
tur,2001,595719.763,9141.573265,
tur,2002,612446.634,9279.072677,
tur,2003,641061.818,9597.452177,
tur,2004,735764.909,10884.257301,
tur,2005,815102.371,11910.606724,
tur,2006,945298.104,13641.649526,
tur,2007,1042763.52,14863.073639,
tur,2008,1139548.435,16038.231645,
tur,2009,1112470.549,15442.615102,
tur,2010,1268773.828,17346.72046,
tur,2011,1454111.872,19590.858369,
tur,2012,1550688.484,20627.440729,
tur,2013,1703669.602,22373.136543,
tur,2014,1860470.92,24104.984583,
tur,2015,2022397.778,25855.912681,
tur,2016,2116398.303,26695.909373,
tur,2017,2264269.34,28193.061398,
tur,2018,2302309.895,28281.473275,
tur,2019,2241542.837,27144.223561,
tur,2020,2297009.984,27547.040639,
tur,2021,2591454.898,30712.083556,
usa,1970,1073303,5233.352349,
usa,1971,1164850,5608.545346,
usa,1972,1279110,6093.20516,
usa,1973,1425376,6725.406839,
usa,1974,1545243,7224.204995,
usa,1975,1684904,7801.167695,
usa,1976,1873412,8590.244216,
usa,1977,2081826,9450.431025,
usa,1978,2351599,10562.860184,
usa,1979,2627333,11671.536965,
usa,1980,2857307,12547.12681,
usa,1981,3207041,13943.171542,
usa,1982,3343789,14399.353194,
usa,1983,3634038,15508.007835,
usa,1984,4037613,17080.014721,
usa,1985,4338979,18192.326398,
usa,1986,4579631,19027.646323,
usa,1987,4855215,19993.226076,
usa,1988,5236438,21367.896156,
usa,1989,5641580,22804.674457,
usa,1990,5963144,23835.319229,
usa,1991,6158129,24289.547588,
usa,1992,6520327,25378.624641,
usa,1993,6858559,26350.492927,
usa,1994,7287236,27660.268357,
usa,1995,7639749,28657.512716,
usa,1996,8073122,29932.157767,
usa,1997,8577552,31424.438925,
usa,1998,9062817,32817.981996,
usa,1999,9631172,34479.794364,
usa,2000,10250952,36299.662179,
usa,2001,10581929,37100.285739,
usa,2002,10929108,37954.222014,
usa,2003,11456450,39419.907372,
usa,2004,12217196,41659.662691,
usa,2005,13039197,44052.382996,
usa,2006,13815583,46234.10571,
usa,2007,14474228,47976.201209,
usa,2008,14769862,48498.445211,
usa,2009,14478067,47122.988543,
usa,2010,15048970,48580.481254,
usa,2011,15599731,49997.535335,
usa,2012,16253970,51729.310147,
usa,2013,16843196,53241.104196,
usa,2014,17550687,55081.542599,
usa,2015,18206023,56731.074605,
usa,2016,18695106,57846.274282,
usa,2017,19479623,59896.756042,
usa,2018,20527159,62783.978541,
usa,2019,21372582,65055.785369,
usa,2020,20893746,63285.232257,
usa,2021,22996100,69558.470785,
zaf,1970,49712.479,null,
zaf,1971,54467.478,null,
zaf,1972,57762.274,null,
zaf,1973,63713.187,null,
zaf,1974,73690.498,null,
zaf,1975,81881.237,null,
zaf,1976,88331.087,null,
zaf,1977,93731.257,null,
zaf,1978,103348.43,null,
zaf,1979,116165.264,null,
zaf,1980,135044.052,null,
zaf,1981,155746.565,null,
zaf,1982,164734.906,null,
zaf,1983,168026.171,null,
zaf,1984,182965.033,null,
zaf,1985,186464.437,5770.555137,
zaf,1986,190253.613,5753.699261,
zaf,1987,199053.155,5884.63713,
zaf,1988,214729.967,6207.398562,
zaf,1989,228492.038,6460.748356,
zaf,1990,237352.774,6566.479477,
zaf,1991,242880.945,6575.051401,
zaf,1992,243106.79,6440.682762,
zaf,1993,251939.295,6533.526075,
zaf,1994,264946.177,6727.526966,
zaf,1995,277315.172,6897.778763,
zaf,1996,294218.205,7173.30916,
zaf,1997,306839.155,7336.362066,
zaf,1998,311010.997,7298.116883,
zaf,1999,323494.507,7457.42342,
zaf,2000,343398.652,7785.430154,
zaf,2001,359875.667,8029.394405,
zaf,2002,377974.816,8231.010007,
zaf,2003,394104.649,8482.559542,
zaf,2004,425082.48,9040.324048,
zaf,2005,460807.79,9680.447732,
zaf,2006,502257.965,10419.232827,
zaf,2007,546426.931,11190.299586,
zaf,2008,580061.138,11703.830104,
zaf,2009,569357.684,11336.459502,
zaf,2010,594745.614,11685.445692,
zaf,2011,633011.149,12272.385595,
zaf,2012,637033.795,12186.131656,
zaf,2013,668457.699,12616.606378,
zaf,2014,682954.739,12717.613064,
zaf,2015,695228.551,12772.251817,
zaf,2016,707743.902,12827.603574,
zaf,2017,724100.729,12952.21634,
zaf,2018,747035.1,13193.179777,
zaf,2019,758045.954,13219.802898,
zaf,2020,713611.105,12289.913445,
zmb,2006,28811.764,2366.663717,
zmb,2007,32056.899,2563.936567,
zmb,2008,35220.974,2741.145147,
zmb,2009,38761.713,2933.160245,
zmb,2010,43251.686,3178.868556,
zmb,2011,46613.602,3324.081982,
zmb,2012,49509.495,3422.709633,
zmb,2013,53419.843,3578.739404,
zmb,2014,54506.588,3539.388815,
zmb,2015,54472.595,3430.48022,
zmb,2016,55712.209,3404.767414,
zmb,2017,58735.191,3484.940724,
zmb,2018,62571.975,3606.038196,
zmb,2019,64606.932,3617.2069,